Type,ID,Title,S1,S2,S3,S4,S5,S6,S7,S8,Sentence
P0281,1,十大低糖水果排行榜,发胖,,,,,,,,又想吃水果，又担心发胖，还要关心自己的血糖高低，那有哪些水果是低糖的 呢
P0888,2,肚子越大，脑子越小？肚子大可能“藏”着这些风险,腹型肥胖,腹型肥胖与高血压关系密切,,,,,,,尤其是腹型肥胖与高血压关系密切
P1010,3,身材决定寿命？研究发现：活过80岁的老人，身材大多有两个特征,微胖,微胖更长寿,,,,,,,为什么微胖更长寿呢
P0921,4,“胖死”成真！欧洲人拿什么拯救失控的体重…连“小瘦子”法国人都“膨胀”了？,比较“肥美”,“丰乳肥臀,性感女神们,让人过目不忘、垂涎不已,,,,,在多数人的印象中，欧洲人比较“肥美”，“丰乳肥臀”的性感女神们更是让人过目不忘、垂涎不已
P1015,5,这4 种食物，“自带”黄体酮，女人 45 岁后要多吃，利于皮肤有弹性,热量高,长胖,,,,,,,3、黑米 现在很多人都不喜欢吃米饭，一方面 是担心热量高长胖，另一方面也是担心血 糖升高，但是女性不能不吃碳水，所以把 白米饭切换成黑米就是很好的选择
P0338,6,吴秀波退圈5年后称被骗破产 身材发福气质不再,身材发福,大腹便便,,,,,,,身材发福，大腹便便，穿着依然时髦得体
P1059,7,“重”视体重，“轻”松生活：肥胖问题我们说清楚,放任,长胖,,,,,,,正确的做法是：从小建立健康饮食习惯和规律运动，而不是放任“长胖”
P0885,8,职场有毒！24岁华人妹子上班1年增重40斤！辞职后的变化震惊全球网友…,城市化与人口流动,发胖,,,,,,,城市化与人口流动正是导致中国上班族发胖的两大因素
P0568,9,"最严重的青少年肥胖爆发:中国胖娃3000万,速度罕见",肥胖孩子,,,,,,,,在刘云曼的印象中，内分泌科、儿保科就有肥胖孩子，不过前来就诊的，主要都是学龄 儿童
P1043,10,那些一胖就胖肚子的人，后来都怎么样了？,腹部赘肉堆积,表层危害,代谢迟缓、内脏机能异常，肝功能衰退以及引发心脏病、高血压等心脑血管疾病,,,,,,过多的内脏脂肪会让腹部赘肉堆积，但这只是表层危害，它还会让代谢迟缓、内脏机能异常，肝功能衰退以及引发心脏病、高血压等心脑血管疾病
P1047,11,郑爽近照曝光:身材发福 穿名牌染黄发变精神小妹,变胖,,,,,,,,从郑爽变胖来看，也 间接辟谣了“天生瘦”体质的说法，说明这些标签只不过为了明星人设服务，退圈就崩了
P0453,12,少女成長的轉折點, 过胖,"导致少女月经异常,甚至引起月经不来",,,,,,,"少女成长的转折点 过胖或过瘦也都是导致少女月经异常,甚至引起月经不来的常见原因"
P0048,13,200斤女孩为美狂瘦至90斤 ！要么瘦，要么死,短期内的暴肥,,,,,,,,她也尝试过ALL IN（一种治疗ED的饮食方法，即想吃就吃，想吃什么吃什么），但身体完全承受不了过载的营养，短期内的暴肥和水肿更是折磨
P1009,14,身材决定寿命？研究发现：大腿粗、屁股大的人，可能更长寿,中心型肥胖,,,,,,,,4、腰臀比 腰臀比（腰围/臀围）能反映中心型肥胖的程度
P0658,15,潘玮柏大走钟「胖到看不见脖子」 网笑：应该改名叫「潘玮厚」,他嘴怎么这么馋,他的脖子呢,,,,,,,」、「来香港吧，线在这款比较吃香」、「他嘴怎么这么馋」、「他的脖子呢
P0731,16,"澳洲超市最受欢迎的超级水果, 竟能解决困扰无数人的问题! $2就能买到",腹部肥胖,,,,,,,,这里腹部肥胖有明确标准，女性腰围达到或超过35英寸，男性达到或超过40英寸
P1059,17,“重”视体重，“轻”松生活：肥胖问题我们说清楚,女性更容易胖,是因为激素吗,,,,,,,❓问：女性更容易胖，是因为激素吗
P0087,18,一个月只吃赛百味，小哥成功减肥：做对这些，快餐瘦身比吃药快8倍,容易发胖,碳酸饮料，饼干，白面包...,,,,,,,无论如何，减肥的首要目的，应该是健康， 而弗里亚斯也通过肉测把容易发胖且没营养的选项给大家列出来了：碳酸饮料，饼干，白面包...
P1098,19,韩庚演唱会被嘲吃相难看！脸僵像王阳身材像黄渤，舞都跳不动了,壮硕发福的身材,,,,,,,,只能说他现在壮硕发福的身材再加上这套黑西装，越来越像黄渤了，有种公司团建 聚会，小组长喝多了，KTV给老板露一手的感觉
P0949,20,被傳復胖 賈玲生日照曝光,复胖的迹象,,,,,,,,贾玲一点也没有复胖的迹象
P0192,21,侮辱or玩笑？华人也在用的“修图神器”引发争议，已紧急下架,变胖,,,,,,,,大家拿自己的胖瘦对比图，来激励或者是恐吓自己，不要变胖
P0870,22,【美女】163cmD杯女私教，身材超100分，根本顶不住啊,微胖,极品身材,,,,,,,网友：这大概就是微胖中的极品身材
P1076,23,"阿娇2个月内体重如过山车,最新巡演体重失控又复胖",胖成了现在这样,着实令人意外,,,,,,,但这才过去没多久的时间，阿娇就胖成了现在这样，着实令人意外，不知道是不是和最近的小三风波有关
P0100,24,七成高血压归因于“胖”！这种肥胖类型最危险……,腰粗,威胁,血压升高,,,,,,门诊中，不少患者因血压升高前来就诊，寻找病因，其中不少人认为是生活工作压力大导致的，其实肥胖、腰粗的威胁更大
P0867,25,【美女】35岁翘臀姐姐，竟泡走26岁小鲜肉，这“水蜜桃“身材我沦陷了...,发胖,各种嫌弃和嘲讽,,,,,,,经历发胖＋抑郁的她，迎来的不是老公的安慰和鼓励，而是各种嫌弃和嘲讽
P0643,26,海航管控空姐体重:超重10%立即停飞 律师:违法,体型偏胖,就业歧 视,剥夺…空乘正常工作的权利,丝毫没有尊重,,,,,“如果纯粹因为视觉审美的考虑就剥夺体型偏胖的空乘正常工作的权利，这绝对是就业歧 视，出台、执行这样的规定对于作为劳动者的空乘，丝毫没有尊重
P0145,27,中年因“发福”变“大妈”？网友：不同阶段不同美，别身材焦虑,中年因‘发福,’变‘大妈’,,,,,,,“中年因‘发福’变‘大妈’
P1063,28,重马胖女孩”意外出圈 曾是8块腹肌“追风少女”,胖女孩,,,,,,,,”“重马胖女孩”也因此迅速走红，她的社交媒体账号也被挖出，名叫“健身女货在路上”
P0335,29,吴奇隆发福变油腻 与《英雄本色》女主亲如母子,发福,发福,肚腩颇为突出,肉眼可见胖好多,肚子很明显,胖了一点,肉眼可见的发福,发福了,其实在今年7月，吴奇隆接连被网民野生捕获，当时被拍下疑似凸腩发福的照片，事后照片在网络疯传，因发现他的肚腩颇为突出，与过往结实身材有很大出入，有网民留言：肉眼可见胖好多、肚子很明显、虽然胖了一点，但是还是很帅气的、肉眼可见的发福，要注意身材管理呀、吴奇隆发福了
P0041,30,"58岁王祖贤加拿大做义工被偶遇! 发福走样, 颜值暴跌? 网友吵翻了…",身材已经走样,发福了不少,侧面看都很臃肿的样子,,,,,,有网友感叹，从法会照片来看，58岁王祖贤的身材已经走样，发福了不少，侧面看都很臃肿的样子
P1035,31,逆龄美貌? 75岁王薇薇穿白裙出席颁奖会引发争议,稍微胖一点,就会被批评,,,,,,,有人质疑：“为何瘦可以被称赞，而稍微胖一点就会被批评
P1009,32,身材决定寿命？研究发现：大腿粗、屁股大的人，可能更长寿,苹果型”肥胖,男性步入中年时期时较为多见,与生活方式之间有直接关系,,,,,,这类肥胖被称之为“苹果型”肥胖，在男性步入中年时期时较为多见，与生活方式之间有直接关系
P0871,33,【美女】对不起！男人眼中的微胖，长这样,女生微胖的身材,福气的象征,微胖女生,更讨长辈的欢心,,,,,4、女生微胖的身材是福气的象征，因此微胖女生更讨长辈的欢心
P0406,34,奇葩！就因男友喜欢胖子！澳洲美女模特增肥至357斤！网友们都替她急死了！,长胖,因为杰夫喜欢你现在这样,,,,,,,主持人还提了一个所有人都好奇的问题：我们知道，你之所以会长胖，是因为杰夫喜欢你现在这样
P0625,35,汪峰带森林北在新疆过七夕，为她买珠宝男友力十足,幸福肥,,,,,,,,汪峰的状态越来越好了，不仅人变年轻了还有幸福肥，谈了一年还如此腻歪，看来 森林北有望转正，也祝他们早日修成正果
P0055,36,2025体重新标准公布！100斤都算超重？,长胖了,,,,,,,,周末回家的时候就被楼下的嬢嬢说长胖了...但其实，我的体重是没有变化的
P0524,37,拒绝中年“发福”，从这12件小事入手，生活化“减脂”！,中年“发福”,,,,,,,,拒绝中年“发福”，从这12件小事入手，生活化“减脂”
P1009,38,身材决定寿命？研究发现：大腿粗、屁股大的人，可能更长寿,苹果型”肥胖人群,会伴有糖尿病、高血压、高血脂，以及高尿酸血症等代谢异常,部分人群会罹患心血管疾病,,,,,,此外，“苹果型”肥胖人群多还会伴有糖尿病、高血压、高血脂，以及高尿酸血症等代谢异常，其中还有部分人群会罹患心血管疾病
P1009,39,身材决定寿命？研究发现：大腿粗、屁股大的人，可能更长寿,胖肚,胖腿,,,,,,,参考资料： [1]《为啥总是男人胖肚，女人胖腿
P1094,40,青少年减重别盲目：“饿瘦”不可取，“养瘦”才科学！,喝水都长肉,无奈,,,,,,,所以，阳光+牛奶+适度补剂，比靠“喝水都长肉”的无奈要聪明多了🌞🥛
P0528,41,挺住，别躺平！30岁后的男人，减掉肚腩才能赢未来,烦人的,大肚子,,,,,,,2024年，不再逃避，减掉烦人的大肚子，从此让健康与自信伴随你每一天
P0658,42,潘玮柏大走钟「胖到看不见脖子」 网笑：应该改名叫「潘玮厚」,脖子与下巴乍看之下紧黏在一起,,跳舞显得 笨拙,,,,,,潘玮柏近日在苏州举办演唱会，有眼尖网友发现，他在南京场时还有明显下颚线，不料到了苏州 场时脖子与下巴乍看之下紧黏在一起，而变胖的潘玮柏也因为跳舞显得 笨拙
P1052,43,郭碧婷复工状态引热议 身材发福越来越像向太,增肥的视觉效果,身材略微丰满,更加圆润,,,,,,从外观来看，裙身的造型很有特点，叠加与不规则的设计元素让这款小裙子充满潮流 感，但很容易产生增肥的视觉效果，会让身材略微丰满的女生看起来更加圆润
P0373,44,在澳洲，胖是可以被原谅的！,一来澳洲就会,变胖,,,,,,,为什么一来澳洲就会变胖呢
P0873,45,​美女微胖妹子腿粗到爆，却俘获几十万直男，网友：这身材致命,丰满,美,“胖”女孩,,,,,,用节食得到的身材虽然纤细 但也充满着病态的虚弱 于是她决定终止节食计划 在友人的建议下 选择健身来让自己的身体重新 焕发健康的活力状态 说到做到的Grace 每周都会坚持去健身房 进行3~4次的力量训练 为了让身材更加的紧致有型 每次训练不到力竭绝不停歇 好看的翘臀都不是凭空而来的 Grace在健身房最常做的就是臀腿训练 对自己高标准严要求的她 每一个训练动作都力求完美 以达到最大限度的刺激肌肉生长 一个人的健身终究有些许孤独 每当Grace觉得太累难坚持的时候 就会叫好友一同前往健身 大家相互辅助相互鼓励相互监督 只为让自己变得更加优秀 Grace除了热爱撸铁之外 还是一名瑜伽爱好者 在一天的忙碌结束后 她都会选择做一套瑜伽 在放松身心的同时 也很好地锻炼了身体的柔韧性 在日复一日的挥洒汗水中 初尝了健身给身体带来变化的喜悦后 Grace对于健身愈加地积极和主动 没有什么事情是一蹴而就的 唯有坚持才能让人脱胎换骨 天气晴朗的时候 Grace喜欢去户外骑自行车 放松心情的同时 也完成当天的运动消耗量 每天早上 她都会去海边跑上几个来回 一边呼吸着新鲜空气 一边沐浴着温暖的阳光 开启美好的一天 跑完步后再来一组拉伸 在缓解肌肉紧张的同时 还能有效地促进肌肉的生长 为了更好地保持身材 Grace的饮食习惯也发生了改变 放弃了高油高脂的食物 吃起了营养均衡的健身餐 晨跑结束之后 早餐是美味健康的燕麦酸奶杯 午餐时遵循着 高蛋白、低碳水的饮食法则 晚餐通常都以沙拉为主 清爽、健康、不给肠胃 增加太多负担 在健身和饮食的双重坚持下 Grace的体重虽然重返130斤 但整个身形比之前更加的紧致健美 女性的曲线魅力展露无遗 如今的她不再在乎 他人的闲言碎语 重拾自信的她 真正体现了女生的阳光美和丰满美 对于体重过分在意 并用极端的方式去对待自己 并不能让你获得想要的美丽 唯有健身和健康的饮食 才能让你变成越来越好的自己 这样的“胖”女孩 你喜欢吗
P0047,46,87岁范曾找到了，37岁娇妻徐萌已怀孕生子,看起来胖了一大圈,和以往的好身材不一样,,,,,,,徐萌看起来胖了一大圈，和以往的好身材不一样，她穿着月子服，是一个产后的状态，看起来已经生完了孩子
P1009,47,身材决定寿命？研究发现：大腿粗、屁股大的人，可能更长寿,颈部皮下脂肪过多,,,,,,,,3、脖围 男性颈围应<38cm、女性<35cm，如果超过这个数值则说明颈部皮下脂肪过多
P0085,48,一个人胖不胖，看“圆度指数”，比 BMI 更靠谱,明显的大肚腩,,,,,,,,另外还有一类人会被 BMI 指数定义为体重正常甚至还偏低，他们远看瘦瘦的，侧面看瘦长的躯干上却挂着明显的大肚腩，一测体成分内脏脂肪超标，这类人就是“瘦瘦的高脂人群”，是 BMI 指数测不出的漏网之鱼
P0357,49,国家喊你减肥真相曝光：中国已成超重大国，胖下去后果太严重,腹型肥胖,激素影响,囤积内脏脂肪,,,,,,研究显示，即使BMI正常，14%的人仍属腹型肥胖，尤其是男性，因激素影响更容易囤积内脏脂肪
P0251,50,减肥不能碰“瓜子”？坦白说：不想腰上长赘肉，3种食物莫要贪吃,腰上长赘肉,贪吃,,,,,,,02坦白说：不想腰上长赘肉，3种食物莫要贪吃 1. 奶茶 奶茶的推出直接赢得了人们的喜爱，大人小孩都喜欢喝，但是这样一杯奶茶所含的热量极高，相当于两碗米饭的热量
P1009,51,身材决定寿命？研究发现：大腿粗、屁股大的人，可能更长寿,与多种疾病的发生之间有之间关系,,腹部型肥胖,需要警惕,,,,,肥胖与多种疾病的发生之间有之间关系，尤其是腹部型肥胖的人群更加需要警惕，对此要引起足够的重视，积极减重
P1008,52,身体胖寿命短？医生却说：恭喜你！这2个地方“胖”是好事！,发胖了,从肚子开始发胖,腰越粗….从而引发各种疾病,,,,,,人一旦发胖了，大多从肚子开始发胖，而腹部有很多重要器官，腰越粗，则代表腹部脂肪越多，从而引发各种疾病
P0441,53,对比41岁贾玲和沈腾老婆后，才发现压力胖和幸福肥的差距一目了然,怎么胖成这样了,,,,,,,,当网友们看到王琦的照片的时候，统一都惊呆了：王琦怎么胖成这样了
P0918,54,胖一点的老人和瘦一点的老人，谁更长寿？调查55万人后给出答案,微胖,更长寿,,,,,,,》.人卫健康.2023-01-18 [2] 《50多万人研究发现：“微胖”的人更长寿
P1076,55,"阿娇2个月内体重如过山车,最新巡演体重失控又复胖",体重开始不受控制,出去吃夜宵,吃成了,阿爆,胖到不敢认,,,,而阿娇也就是在那个时候体重开始不受控制，因为余衍隆总带她出去吃夜宵，时间一久，阿娇就吃成了“阿爆”，当时阿娇上浪姐之前 胖到不敢认，后来在节目里高强度训练，阿娇才瘦了20斤
P0247,56,冯巩67岁大寿 贾玲搂恩师合影 复胖身形引关注,反弹,再正常不过,,,,,,,当然，贾玲用十足的毅力瘦下来，即使后来体重有反弹也真的再正常不过
P0179,57,体重120斤以上的女人，别再穿阔腿裤了！换成这3种打扮更时尚显瘦,看起来更胖,且更矮,,,,,,,实际上，体重超过120斤的女性穿阔腿裤不仅对显瘦没有帮助，反而会因为阔腿裤的视觉膨胀效果让女性穿得看起来更胖且更矮
P0108,58,不是错觉：过了这个年纪，长胖真的更容易,年纪越大,人就越容易长胖,,,,,,,为什么年纪越大，人就越容易长胖呢
P0205,59,【健康知识】胖哪儿都不能胖这里！,腰腹赘肉,,,,,,,,随着体脂率的下降，你的腰腹赘肉也会逐渐消失，腰围也会慢慢下降
P0902,60,肥胖和代谢有关？每天做对这几件事，代谢变好人也轻盈！,发胖了,,,,,,,,代谢健康的人，食物更容易转化为能量而非脂肪，自然不易发胖
P0657,61,潘帅变潘叔？44岁潘玮柏中年发福不敢认，胖至200斤老10岁，网友：快减肥,脸肿,沦为滑稽,,,,,,,虽然很难抵御美食的诱惑，但出道当歌手以后潘玮柏还是很自律，尤其每当要发新 歌拍MV，都会集中减肥一轮，以免上镜扮酷的样子因为脸肿沦为滑稽
P0770,62,生活養生小妙招,腹型肥胖,,,,,,,,"肚脐放一物 入秋除湿气 入秋后,昼夜温差大,体内湿气可能会加重,容易出现便秘、乏力、倦怠、腹型肥胖等状况"
P0257,63,"减肥还能“健脑”!体重减少1%,大脑年轻了9个月",特别容易反弹,比以前还胖,,,,,,,一旦恢复正常饮食，特别容易反弹，且很可能比以前还胖
P0285,64,千亿儿媳！54岁李嘉欣高调宣布复出！传开工价5000万,胖一点,状态反而更好了,,,,,,,对此，不少网友觉得李嘉欣之前太瘦了，如今胖一点状态反而更好了
P0303,65,发胖真有“分界线” 从这个年龄开始代谢急转直下,长胖,过量能量摄入,,,,,,,所以，若想有效预防长胖，首要之举便是改变能量收支状况，杜绝过量能量摄入，也就是我们常说的要 “管住嘴”
P0557,66,日本贵族胖哥减肥逆袭成最帅校草，人生刚开挂却意外被捕！,胖子,,,,,,,,不过，让所有人没有想到的是这竟然也是他胖子之路的开始
P0039,67,56岁周立波近况曝光，豪宅内吃大餐老态尽显，发福秃顶撞脸潘长江，6年美国生活变化大,看起来比之前胖了一些,,,,,,,,如今已经56岁的周立波，看起来比之前胖了一些，脸上的法令纹更加凸显，看起来尽显老态
P0345,68,哪种体型的人更长寿？研究发现：这个部位“细”点好！,身材微胖,更利于长寿 ,死亡风险最低,,,,,,研究发现了2个特点： 特点一：身材微胖更利于长寿 体重指数（BMI=体重÷身高的平方）每增加1千克/平方米，全因死亡风险降低 4.5%，体重指数在28千克/平方米左右时，死亡风险最低
P0271,69,别再嘲沈腾老婆胖了，这5位男星都娶了“胖老婆”，却个个很宠妻,发福很多,结婚生子后,整个 人变得圆滚滚的,不影响….宠爱,,,,,王惠年轻时曾是唱京韵大鼓的，长相不俗，不过结婚生子后也开始发福很多，整个 人变得圆滚滚的，但不影响郭德纲对她的宠爱
P0888,70,肚子越大，脑子越小？肚子大可能“藏”着这些风险,腹型肥胖,中心型肥胖,内脏型肥胖,显 得胖,,,,,"这种肥胖类型被称为腹型肥胖,也叫中心型肥胖或内脏型肥胖,而四肢相对于腹部并不会显 得胖"
P0888,71,肚子越大，脑子越小？肚子大可能“藏”着这些风险, 肚子大,“藏”着这些风险,,,,,,,② 肚子大“藏”着这些风险
P0357,72,国家喊你减肥真相曝光：中国已成超重大国，胖下去后果太严重,腰围太大,体重超标,,,,,,,同志们，腰围太大，体重超标，有些还得了慢性病
P0274,73,"别超重!体重如果达到这个数,等于大脑早衰了12年",胖人,,,,,,,,究竟有没有健康的胖人
P0698,74,澳洲如此“划分阶层”：你的身材竟然决定了你的阶级！,十分肥胖,,,,,,,,也有的十分肥胖，喜爱快餐
P0480,75,怎么减掉15斤赘肉？学习8个实用方法，让身材瘦下一圈,体型偏胖,暴饮暴食,,,,,,,"体型偏胖的人怎么减肥?减肥需要方法,不能盲目节食,否则很容易导致暴饮暴食,减肥失 败"
P0347,76,唐代以胖为美？从唐代服饰探究其真假,圆脸,丰腴身”,丰腴美,,,,,,盛唐气象养出了“圆脸丰腴身”，而唐朝的审美并没有仅仅局限于盛唐时期的“丰腴美”
P0502,77,成年女性逾半腰圍過粗 醫籲母親節用擁抱關心健康,人工生殖求子期间却,开始发福,生下女儿后更所有心思都在孩子身上,新陈代谢变慢,随便稍微吃顿丰盛一点的,小腹凸出,,,演员赵小侨分享，自己以前怎么吃都不会胖，但人工生殖求子期间却开始发福，生下女儿后更所有心思都在孩子身上，直到感受到新陈代谢变慢，即使试过晚间空腹、积极运动等方法，都没有用，随便稍微吃顿丰盛一点的，就会小腹凸出
P1008,78,身体胖寿命短？医生却说：恭喜你！这2个地方“胖”是好事！,大腿粗,宝藏身材,腿粗,而是一件好事,长寿候选人,,,,现如今，越来越多的研究证实，大腿粗才是“宝藏身材”，对身体来说腿粗反而是一件好事，或是长寿候选人
P0007,79,5 个专门胖肚子的坏习惯，你可能天天在做,生活中很多小事,肚子加速变大,超标的「内脏脂肪」,对健康威胁最大,,,,,生活中很多小事才是让你肚子加速变大的「罪魁祸首」 人体主要有两大脂肪仓库：皮下脂肪和内脏脂肪，对健康威胁最大的是超标的「内脏脂肪」
P0681,80,澳洲16 岁妹子只喝奶昔和软饮料从不喝水 胖成一座山，然后又狂瘦65kg 减掉 半个自己重生变女神,像吹气球一样胖了起来,,,,,,,,就这样，她就像吹气球一样胖了起来，一下子体重就涨到了135KG
P0085,81,一个人胖不胖，看“圆度指数”，比 BMI 更靠谱,腰围较大,,,,,,,,比如，对于一些腰围较大的健身人群，BRI 指数还是会偏高（比如大级别举重运动员等），但这并不意味着他们存在更高的慢病风险
P0025,82,42天瘦25公斤！武汉31岁“肥仔医生”逆袭成4冠健美先生,轻度脂肪肝,,,,,,,,登上健美舞台前，身高1米82的吴天根体重97.5公斤，曾确诊轻度脂肪肝，为了完成快速减脂和增肌塑形的目标，他为自己制定了「6小时睡眠＋2小时健身」的计划
P0723,83,澳洲研究：女性腰部有点赘肉，可降低骨折危险！身体上的这6个“缺陷”反而让你更健康,更不容易患上高血压,,,,,,,,尤其是 在超重和肥胖人群中，这种关联尤为明显：男性腿围大于 55 厘米、女性腿围大于 54 厘米，更不容易患上高血压
P0459,84,巨石强森变“鹅卵石”:大肌霸的诸神黄昏,畸形肥胖,身体奇观,猎奇密码,,,,,,03：靓丽与畸形 畸形健美之外，畸形肥胖同样是“身体奇观”的猎奇密码
P0337,85,吴某凡监狱生活被曝！胖了20斤，当上小班长，天天创作正能量歌曲！粉丝组织劫狱！网友：电影都不敢这么演,发福,颜值….的摧残,,,,,,,那么小悠不禁感叹：原来颜值再高也经不住发福的摧残
P0158,86,乌龙胖?贾玲上镜胖十斤 网友晒出对比照,圆润,亲和力满格的喜剧形象,,,,,,,自瘦身以来，舆论场就形成微妙拉锯：有人觉得瘦后的她“幽默感似乎减弱了”、“像换了一个人”，格外怀念她圆润时期亲和力满格的喜剧形象
P0871,87,【美女】对不起！男人眼中的微胖，长这样,微胖身材,不可否认….魅力十足,,,,,,,不可否认，拥有微胖身材的女生，魅力十足
P0430,88,完蛋！澳洲科学家刚刚找到肥胖的终极原因！摸摸脑袋一切都懂了,大胖子,,,,,,,,白色脂肪就是让你变成大胖子的罪魁祸首
P0883,89,《老情歌》吕方暴肥模样曝光 「胖到看不见脖子」身材大走钟,身形明显肿了一大圈,与过往清秀帅气模样相比，根本天差地远,,,,,,,如今将重心转至家庭的他，鲜少在萤光幕前曝光，没想到 近来出席拼盘演唱会时，被发现身形明显肿了一大圈，与过往清秀帅气模样相比，根本天差地远
P0153,90,为何不瘦反胖？最容易犯的四个错误减肥习惯，你中招了吗？,过度进行有氧运动,越运动越胖,,,,,,,过度进行有氧运动，容易造成肌肉内储存的脂肪变多，从而越运动越胖
P0100,91,七成高血压归因于“胖”！这种肥胖类型最危险……,体重飙升,对于健康的伤害不言而喻,胖，似乎变得越来越普遍,,,,,,体重飙升对于健康的伤害不言而喻，不少地方开设“肥胖专科门诊”则从侧面印证：胖，似乎变得越来越普遍
P0430,92,完蛋！澳洲科学家刚刚找到肥胖的终极原因！摸摸脑袋一切都懂了,一身肥肉,,,,,,,,找对一身肥肉的罩门，才是王道
P0867,93,【美女】35岁翘臀姐姐，竟泡走26岁小鲜肉，这“水蜜桃“身材我沦陷了...,身材臃肿,阿姨,,,,,,,"幸运的是，她的努力没有白费， 从86公斤到47公斤，她甩掉了39公斤的肉， 从身材臃肿的""阿姨""，蜕变为一个性感小腰精"
P0084,94,"一个不吃晚饭的人,是怎样养成「易胖体质」的?",不吃晚饭,易胖体质,,,,,,,《生命时报》综合多位专家观点，告诉你不吃晚饭是如何养成“易胖体质”的
P1032,95,逆轉民眾代謝症候群 8成腰粗或肥胖民眾 參加計畫後超過5成有改善,腰围过粗,腰围过粗,,,,,,,8成腰围过粗或肥胖，接受管理后5成以上有改善 代谢症候群是三高（血压偏高、血糖偏高、血脂偏高）加二害（腰围过粗、好的胆固醇不足），5项中符合其中3项则代表有代谢症候群
P0303,96,发胖真有“分界线” 从这个年龄开始代谢急转直下,增加疾病的风险,身材变得臃肿,,,,,,,因为过多的脂肪会增加疾病的风险，也使我们的身材变得臃肿
P0303,97,发胖真有“分界线” 从这个年龄开始代谢急转直下,年纪大了,容易长胖,,,,,,,02 为什么年纪大了容易长胖
P1028,98,迪丽热巴生子风波:网友扒变化图 浮肿变胖超半年,浮肿 变胖了许多,莫名,,,,,,,掐指一算，早在2023年年初，热巴就卷入了未婚生子的风波，网友扒出她一系列身材变化图，发现一向身材管理在线的热巴莫名浮肿 变胖了许多，还被拍到多次用胳膊遮掩小腹 偏偏被曝未婚生子阶段，热巴正好超半年时间没有进组了，更是引发了网友的怀疑，有人直接把隐孕的赵丽颖、张碧晨和热巴放在一起 比较，质疑她们有一阶段的体态存在相似之处
P1059,99,“重”视体重，“轻”松生活：肥胖问题我们说清楚,胖一点,全球范围的健康危机,,,,,,,别小看这些变化，肥胖可不是单纯的“胖一点”，它正在悄悄演变为一场全球范围的健康危机
P0271,100,别再嘲沈腾老婆胖了，这5位男星都娶了“胖老婆”，却个个很宠妻,身材发福,感情都 很好,,,,,,,除了沈腾之外，娱乐圈也有几位男星的老婆虽然身材发福，但他们和老婆的感情都 很好
P0273,101,"别看潘粤明现在胖若两人,顶顶跟他发福前一模一样",面部…被赘肉占了地盘,显圆显宽,,,,,,,眼皮单、眼泡肿，肉鼻没型，法令纹“烙印”在鼻翼两侧，年龄感呼之欲出，面部平整度略差，一旦被赘肉占了地盘，便显圆显宽
P0321,102,吃播鼻祖减肥200斤轰动全网：攒了两年的假视频骗过所有网友，只为整个大活？？！,急速变胖,甚至到了要戴呼吸机的程度,被列为了残疾人士,出门也得靠电动车代步,他还是在不停地吃,,,,（鳄梨急速变胖）甚至到了要戴呼吸机的程度：（鳄梨使用呼吸机继续吃播）出门也得靠电动车代步，他还说自己已经被列为了残疾人士……（移动要靠代步车）但即便这样，他还是在不停地吃
P1069,103,长得胖算什么，“体态崩了”才可怕！明明打扮精致，看着却更土了,身材微胖,,,,,,,,所以，身材微胖的女人也不需要太焦虑，比起体重，更关键的是体态，我们要学会关注自己的体态，找到适合自己的锻炼方式和穿搭技巧，让自己的身体变得更加健康和自信，让体态变得越来越好
P0303,104,发胖真有“分界线” 从这个年龄开始代谢急转直下,吃得多了，运动还少了,更容易长胖,,,,,,,吃得多了，运动还少了，能量就更不能消耗掉，也就更容易长胖了
P1098,105,韩庚演唱会被嘲吃相难看！脸僵像王阳身材像黄渤，舞都跳不动了,发福,双下巴,,,,,,,为了备战演唱会他很早就开始训练和瘦身，能看得出来和早前发福时相比确实有了 很大的变化，尤其是脸上，整整瘦了一大圈，之前的双下巴已经变成了刀锋般的下 颚线，只是这脸好像有些僵硬走形，连表情都做不动了，疑似是用了什么科技手 段，越来越像王阳了
P0022,106,39岁郭碧婷正式复出！虎背熊腰胖了50斤，复出原因疑曝光,发福明显,小腿肚子十分粗壮,肉眼可见的很厚,状态却令人吐槽不已,,,,,只是昔日美人复出，状态却令人吐槽不已，网友直言郭碧婷发福明显，不止小腿肚子十分粗壮，手臂和脖颈 也是肉眼可见的很厚
P0051,107,"500磅肥胖女子起诉Lyft歧视,司机因担心爆胎而拒载",体型过大,身材肥胖,可能无法坐进车内,拒绝接她的订单,,,,,一位身材肥胖的说唱歌手起诉Lyft，称一名司机因担心她体型过大可能无法坐进车内，甚至可能“压爆轮胎”，而拒绝接她的订单
P0888,108,肚子越大，脑子越小？肚子大可能“藏”着这些风险,腰越 粗，发生冠心病、急性冠心病事件和死于冠心病的风险越高,,,,,,,,1. 心脏病 北京大学公卫学院研究人员发表在《中华流行病学杂志》上的一项研究发现，腰越 粗，发生冠心病、急性冠心病事件和死于冠心病的风险越高
P1047,109,郑爽近照曝光:身材发福 穿名牌染黄发变精神小妹,面颊丰盈很多,发福明显,,,,,,,从照片状态来看，郑爽伙食质量不差，面颊丰盈很多，发福明显
P0509,110,才30岁，杭州小伙确诊癌症！以为只是胖！医生提醒：太危险,重度肥胖,颈部暴露困难,给术中插管及后续的复 苏都增加了难度,,,,,,同时，由于小刘重度肥胖，颈部暴露困难，属于困难气道，给术中插管及后续的复 苏都增加了难度
P0982,111,谷歌工程师杀妻案开庭 陈立人入狱近半年明显发福,略微有些发福,,,,,,,,第二次认罪听证会 当日，他身穿红色囚服坐在法庭被告席上，明显可见略微有些发福，但似乎精神状态不佳，几次闭目养神
P0472,112,彻底放飞自我?阿娇最新演出胖成“阿爆”演出划水,被吐槽,胖成了“阿爆”,,,,,,,在twins最新巡演新加坡站中，阿娇又一次被吐槽了，不仅胖成了“阿爆”，连演出也划水，全靠着阿Sa努力营业
P0888,113,肚子越大，脑子越小？肚子大可能“藏”着这些风险,肚子越大，脑子越傻,,,,,,,,2023年2月，新加坡研究人员在柳叶刀子刊发 表的《肥胖影响亚洲人群的认知功能》研究显示，肚子越大，脑子越傻
P0259,114,凤姐美国被偶遇坐公交车 身材发福体重近200斤,胖的非常明显,,,,,,,,不少网友也都注意到凤姐的体型，都说她胖了，还有网友说她差不多有200斤了，胖的非常明显
P0126,115,中国人真的，越来越胖了,从头胖到脚,,,,,,,,不过我们印象中，中国人很少有西方人那种从头胖到脚的情况，这是因为亚洲人跟其他人种比，腹部的脂肪更容易堆积，然后形成“腹部肥胖”，也叫“中心性肥胖”[8]
P0365,116,國會委員會籲全澳學校供餐 改善學生健康,腹部的脂肪更容易堆积,腹部肥胖,中心性肥胖”,,,,,,而此症的高危人士包括： 腹部肥胖者：尤其是那些腰围超标的人
P0077,117,"TVB“最强body”又晒事业线,童年因肥胖自卑抑郁",胖妹子,受到欺凌,患上社交恐惧症,,,,,,而郭佩文更回忆起自己小时候也是一位胖妹子，因此也受到欺凌而患上社交恐惧症
P1023,118,这是黄晓明？暴肥15公斤「脸圆肚凸又秃头」自嘲：喝水都胖,胖了不少,大了个肚子,像个发福中年男,让不少粉丝滤镜全碎,,,,,但最近却 被发现胖了不少，还大了个肚子，活脱脱就像个发福中年男，让不少粉丝滤镜全碎
P0274,119,"别超重!体重如果达到这个数,等于大脑早衰了12年",胖人,,,,,,,,河北省人民医院心内科主任医师郭艺芳也表示，从肥胖和健康角度来看，几乎可以说——不存在健康的胖人
P0441,120,对比41岁贾玲和沈腾老婆后，才发现压力胖和幸福肥的差距一目了然,身材胖乎乎的,,,,,,,,"沈腾一家三口在酒店度假,沈腾的儿子侧脸曝光,能看出来身材胖乎乎的,神似沈腾和王琦 的结合体"
P1009,121,身材决定寿命？研究发现：大腿粗、屁股大的人，可能更长寿,肚子肥胖,容易引起脂肪肝发生,诱发其他的肝功能损伤出现,,,,,,肚子肥胖意味着内脏脂肪增多，这样一来很容易引起脂肪肝发生，没有及时干预容易让肝细胞功能持续下降，继而诱发其他的肝功能损伤出现
P0146,122,中年發福不是福 腰圍超標是警訊,啤酒肚,大肚腩,啤酒肚,肚子就这么吃出来,,,,,"3.减少饮酒:不少男性有著啤酒肚,究竟是喝酒才导致大肚腩?还是肥胖导致?「啤酒肚」和喝啤酒并没有直接关系,但一罐啤酒等于半碗饭,而且饮酒总是会配下酒菜、炸物或烧烤等,一杯又一杯,一口又一口,肚子就这么吃出来,因此应该限制每天的饮酒量"
P0871,123,【美女】对不起！男人眼中的微胖，长这样,丰满、圆润,,,,,,,,身材曲线优美、丰满、圆润，你为何如此优秀
P0583,124,杀人犯仅坐牢一年 体重飙升至400斤 竟获释回家减肥,异常肥胖,,,,,,,,毕竟，监狱不是福利机构，无法派专人照顾一个异常肥胖的罪犯
P0601,125,“梨形身材是基因彩票”上热搜，网友：谢谢，有被安慰到,细腰肥臀,梨型身材,患代谢相关慢性病的风险较低,寿命更长,,,,,在科学家看来，细腰肥臀的梨型身材，患代谢相关慢性病的风险较低，寿命更长
P1095,126,面相变了!贾玲最新露面 体重竟反弹回归原状,复胖,,,,,,,,而且这次的贾玲和上次筹备《热辣滚烫》时截然不同，尽管复胖了，却只是跟大家开着关于身材的玩笑，压根没怎么提及自己的新电 影，全然没有了之前那种大张旗鼓宣传的架势，这前后的反差着实让人觉得诧异
P0259,127,凤姐美国被偶遇坐公交车 身材发福体重近200斤,身材明显发福,脸大了一圈,大肚腩,腿都变得粗壮,年龄感一下子出来了,,,,可以看到，凤姐的身材明显发福，脸大了一圈，大肚腩抢镜，连腿都变得粗壮了，感觉胖了不止20斤，年龄感一下子出来了
P0521,128,报告：全球45%的人口正在努力减肥！一年“胖死”280万人！澳洲所在地的风水不好？大洋洲都要胖炸了！,胖死,,,,,,,,全球每年“胖死”的人至少达280万人
P0040,129,58岁巩俐出席活动，网纱上衣搭鱼尾裙身材超绝，自然老去获赞,肩膀、背部和大臂都是中年人最容易变厚发福的部位,赘肉,,,,,,,肩膀、背部和大臂都是中年人最容易变厚发福的部位，但是已经58岁的巩俐却保养得很好，身上没有一丝赘肉，身材凹凸有致
P0205,130,【健康知识】胖哪儿都不能胖这里！,肥嘟嘟,胖出一大圈的啤酒肚,胖肚子,,,,,,在男性眼里肥嘟嘟胖出一大圈的啤酒肚才叫胖肚子
P0396,131,大腹便便同時出現這些症狀 當心是腫瘤,中年以上….几乎都有,腹部变大,,,,,,,"中年以上的人,几乎都有腹部变大的现象,而真正腹腔内造成的腹胀原因还很多"
P0340,132,周末飞韩国打200块变美针 白领迷上特种兵医美,失恋后,暴饮暴食,发胖,怕没人喜欢,做抽脂手术,,,,失恋后暴饮暴食导致发胖，怕没人喜欢，她便独自躺上手术台做抽脂手术，抽掉肚腩和大腿的脂肪
P0927,133,腹部、大腿還是手臂?,酒精,啤酒肚,悄悄变大,,,,,,"规律运动能优先动员腹部脂肪,快走、游泳、重量训练都有效;饮食上少吃精致淀粉,多摄取蛋白质与膳食纤维,也能帮助控制:酒精是堆积内识脂防的“大魔王”,即使体重没变,啤酒肚却会悄悄变大,适度戒酒相当重要"
P0048,134,200斤女孩为美狂瘦至90斤 ！要么瘦，要么死,面试…拒绝,身材这方面不太行,对社团的面貌影响不好,,,,,,那时她投了6个社团，到了面试环节，所有社团的负责人都用同一个理由拒绝了她：“你的身材这方面不太行，进来以后对社团的面貌影响不好
P1045,135,郑伊健夫妇移居日本逛超市 50岁蒙嘉慧发福疑怀孕,被网友质疑已经怀孕,发福了,肚子有点鼓,,,,,,因此被网友质疑已经怀孕了——不少网友表示蒙嘉慧的肚子有点鼓，猜测她已经怀孕了，但也有人表示蒙嘉慧应该只是发福了，因为她和郑伊健一样，都是丁克家族
P1043,136,那些一胖就胖肚子的人，后来都怎么样了？,一胖都会容易胖肚子,,,,,,,,为什么无论男女，一胖都会容易胖肚子
P0552,137,日本全球最瘦，却又全球最“寿”！日本人为啥这么瘦、又那么寿？,胖子,胖子,,,,,,,而反观我们的大洋彼岸，美国呢，肥胖率达到了32%，这边一条街胖子估计能抵得上日本全体胖子
P1038,138,過於謹慎能保護自己嗎?(三),比较肥胖,,,,,,,,"敏感不是坏 事,因为敏感的本身是用于防范自己不受侵害,结交朋友,尊重他人,比如在谈话时我们应该注意听 话者的感受,若对方比较肥胖,就不易赞美苗条;对方对所讲的话题无兴趣时,我们就应转说其它方 面"
P0192,139,侮辱or玩笑？华人也在用的“修图神器”引发争议，已紧急下架,身材大码,,,,,,,,Ta是黑人变性人，身材大码，且同时和另外一名变性人配偶并共同抚养着一名跨性别的子女
P0885,140,职场有毒！24岁华人妹子上班1年增重40斤！辞职后的变化震惊全球网友…,变胖,,,,,,,,人的一生会遭遇无数麻烦，变胖也只不过是其中之一，它既不是不可避免的，也不是不可解决的
P0990,141,贾玲惊现巴黎奥运会 体重之谜再度引爆,又胖,网友们可炸开了锅,,,,,,,"这次在巴黎奥运会这么重要的场合被发现又胖了,网友们可炸开了锅"
P1107,142,香港知名女星容貌大变，出席活动突然中途退场，患甲亢身体出问题,发胖太明显,网友都在感慨,,,,,,,网上的照片、短视频流出之后，网友都在感慨：江欣燕发胖太明显
P0085,143,一个人胖不胖，看“圆度指数”，比 BMI 更靠谱,中心型肥胖,,,,,,,,内脏脂肪超标者又称为中心型肥胖，其特点是看似“正常”，实际脂肪分布在腹腔内脏的一种肥胖状态，表现为整体看似“正常”，而腰围增加
P0684,144,澳洲254斤胖女减肥128斤！不吃药不节食，完克土澳长肥魔咒！,腿部堆积着大量的脂肪,,,,,,,,那时候，她的腿部堆积着大量的脂肪
P0601,145,“梨形身材是基因彩票”上热搜，网友：谢谢，有被安慰到,梨形身材,长寿”,,,,,,,也有网友表示，“据说梨形身材长寿”
P0274,146,"别超重!体重如果达到这个数,等于大脑早衰了12年",胖人,没有一个…能一直完全健康地活着,,,,,,,可以说，没有一个胖人能一直完全健康地活着
P0130,147,中国男人配不上中国女人？,没有起好的表率作用,体型偏胖,,,,,,,官员在形象上也没有起好的表率作用 1、体型偏胖和穿着不得体让很多官员成为审美重灾区 在中国官场，流行一种穿法：把裤子提到腰以上，配上扎进裤子的白衬衣
P0347,148,唐代以胖为美？从唐代服饰探究其真假,虎背熊腰,脸似大饼,,,,,,,根据出土的杨玉环画像来看，杨玉环本人的身材是十分匀称的，并没有“虎背熊腰”“脸似大饼”，反而处处都显得刚刚好，让人情不自禁想要对其身姿的完美赞扬一番
P0341,149,周華健身材變化引熱議 曬「腹肌」幽默回應,发胖,大了很多,,,,,,,随著周华健发胖照片的流出，不少网友发现，周华健的身材与他年轻时相比，确实大了很多
P0245,150,内马尔最新照片大变样 明显发福成“肉马尔”,身材有些发福,脸部明显发胖,显得“肉嘟嘟”,,,,,,可以明显看到，内马尔身材有些发福，尤其是脸部明显发胖，显得“肉嘟嘟”
P0839,151,笑话天地2,丰满,猪,,,,,,,"女人胖是丰满,瘦是苗条,高是修长,矮是玲珑!男人胖是猪,瘦是排骨,高是竹竿,矮是冬瓜"
P0987,152,贝克汉姆妻子分享子女们大合影 女儿小七显发福,有一些偏胖,,,,,,,,” 塔娜·霍尔丁和克鲁兹同龄，两人于去年5月开始约会，塔娜身材高大，还有一些偏胖，但克鲁兹第一次见到她时，就被对方身上的淳朴 所打动，展开热烈追求
P0357,153,国家喊你减肥真相曝光：中国已成超重大国，胖下去后果太严重,胖到不能回头,,,,,,,,别等胖到不能回头，赶紧行动吧
P0012,154,23岁女硕士砸2万相亲 婚介包装四旬男冒充小鲜肉,体型发福,给人的感觉油腻,,,,,,,他体型发福，给人的感觉油腻
P0620,155,毒蘑菇厨子四次企图谋害前夫 曾任空中交通管制员,胖了一些,,,,,,,,他说：“她胖了一些，但看起来非常眼熟，而且她的名字也跟我们记忆中一样，当时我们有90%到95%的把握认为这是同 一个人，当我们在报纸上看到她的母亲姓斯卡特时，我们就完全确定了
P0422,156,孕婦產檢因「體重超標」心碎 污名化影響女性參與醫療,体型较大,,,,,,,,尽管现在超过一半的澳洲女性体型较大，但孕妇仍然持续遭受体重偏见
P0019,157,33岁张含韵被骂“爆肥”！1.62米55公斤，本人晒秤自嘲“真的胖”,脸有点浮肿,,,,,,,,网友说她“脸有点浮肿”，她开朗回应：“不是浮肿，是真的胖，哈哈
P0601,158,“梨形身材是基因彩票”上热搜，网友：谢谢，有被安慰到,梨形身材,基因彩票,,,,,,,不久前，话题“原来梨形身材是基因彩票”冲上热搜，引发网友热议
P1074,159,關曉彤胖成27歲少婦 網友辣評,身上的肉肉一堆,粗壮手臂,,,,,,,身上的肉肉一堆，完全遮不住她的粗壮手臂
P0524,160,拒绝中年“发福”，从这12件小事入手，生活化“减脂”！,年龄增长,身体的新陈代谢逐渐减慢,容易出现发福,,,,,,作为一个中年人，我深知随着年龄增长，身体的新陈代谢逐渐减慢，容易出现发福的情况
P1046,161,"郑伊健爱妻在日4年胖27斤,希望观众接受全新的她",中年,发福,感情稳定,,,,,,如今蒙嘉慧中年发福，但她和郑伊健的感情稳定，无需刻意保持体型去取悦任何人
P0723,162,澳洲研究：女性腰部有点赘肉，可降低骨折危险！身体上的这6个“缺陷”反而让你更健康,显壮,,,,,,,,5. 骨架大——骨质疏松来得晚 不少女性羡慕骨架小的女生，骨架大了感觉长点肉就显壮
P0100,163,七成高血压归因于“胖”！这种肥胖类型最危险……,腰围同样越来越大,,,,,,,,中国成年人的平均腰围同样越来越大，从1993年的76厘米、2007年的80.7厘米，增加到2015~2017年的83.4~83.5厘米
P0577,164,最纯艳星知三当三陷“不伦恋”如今身材发福变残,身材发福,熟悉的美人神韵依然在,,,,,,,但纵使身材发福，盈盈一笑间，熟悉的美人神韵依然在
P0371,165,"在所有肥胖的危害里,「精神疾病」是我没想到的",感到焦虑或压力,自己比别人胖,,,,,,,人人都有让自己感到焦虑或压力的事，但肥胖人群可能多了一个：自己比别人胖
P0321,166,吃播鼻祖减肥200斤轰动全网：攒了两年的假视频骗过所有网友，只为整个大活？？！,体型肥胖臃肿,,,,,,,,（鳄梨减肥成功了）这简直让人不敢相信自己的眼睛，明明6天前他刚在小号上更新，视频里依旧体型肥胖臃肿，这才过去6天，怎么可能就换了一个人
P0600,168,梨形身材才是最完美身材！中了基因彩票 寿命更长,标准苹果,最不健康,上半身肉多得很,,,,,,与之相对，最不健康的是“标准苹果”，上半身肉多得很，腿上却没多少脂肪
P0441,169,对比41岁贾玲和沈腾老婆后，才发现压力胖和幸福肥的差距一目了然,像猪一 样,被某导演指着鼻子痛骂,,,,,,,贾玲自曝曾经自己由于身材问题，被某导演指着鼻子痛骂：“你别说话了，像猪一 样
P0472,170,彻底放飞自我?阿娇最新演出胖成“阿爆”演出划水,长胖了,蹦不动,变胖,,,,,,当然有粉丝赶紧解释，说毕竟阿娇长胖了蹦不动，但变胖这件事又不是观众的责任
P0574,171,最新研究：长胖真的会让人变傻！,长胖,会让大脑变“傻” ,内脏脂肪增加,认知年龄可衰老,,,,,长胖会让大脑变“傻”     《柳叶刀》子刊曾发表研究发现，内脏脂肪增加0.27千克，认知年龄可衰老0.7年
P0743,172,热搜爆了！贾玲大波浪晚礼服惊艳网友！专家：贾玲减肥的案例普通人可以复刻,易胖体质,抱怨自己,,,,,,,有的人会抱怨自己是“易胖体质”，很难减肥
P0525,173,拒身材焦虑 手撕病态美?她被控性骚扰!搞体重羞辱,身材丰满,,,,,,,,在这之前，Lizzo曾斥责她们在表演前喝酒，而当时克里斯托反驳了她，不由得让人觉得这两件事有关系…… 除此之前，三人还指控Lizzo的团队对待舞蹈队的黑人成员与其他成员不同，“只有对待身材丰满的有色人种女性舞者，才会以这种（恶劣的）方式交谈”
P0406,174,奇葩！就因男友喜欢胖子！澳洲美女模特增肥至357斤！网友们都替她急死了！,胖女孩,微胖美女,,,,,,,杰夫喜欢的胖女孩可不是大众认知中的那种微胖美女
P0623,175,汪小菲三胎来了?马筱梅穿连衣裙小腹隆起,状态发福,,,,,,,,最近马筱梅状态发福，直播时还被网友发现会动不动恶心反胃，被怀疑是不是怀孕了，虽然此前马筱梅曾怒斥营销号不要乱写，但最近狗仔拍到她和汪小菲参加朋友喜宴，身材确实有明显变化
P0239,177,关晓彤最新状态惹争议:发福脸肿 年龄感尽显,体型富态,看上去显老,给人一种“姨感”,,,,,,但关晓彤才26岁，正是年轻的时候，看上去显老也正是因为体型富态，才给人一种“姨感”
P1059,178,“重”视体重，“轻”松生活：肥胖问题我们说清楚,胖点,“长个儿,,,,,,,❓问：孩子胖点是不是“长个儿”的表现
P0924,179,脂肪肝泛滥背后，是中国人的代谢危机,全身型肥胖,胖得比较“均匀”,,,,,,,从外形上看，全身型肥胖者胖得比较“均匀”
P0133,180,“中国肥胖地图”火了:41%中国男人超重 这个省最苗条,中年发福,,,,,,,,中年发福一词，用在男性似乎更为贴切
P0528,181,挺住，别躺平！30岁后的男人，减掉肚腩才能赢未来,积累腹部内脏脂肪，,啤酒肚,,,,,,,男性比女性更容易积累腹部内脏脂肪，导致常见的“啤酒肚”
P0261,182,出現這些症狀 其實你正在「發福」,正在「发福」,,,,,,,,"是否常常觉得很快就饿、久坐易累,或是容易便秘?这些徴兆的出现,你可能正在「发福」"
P0752,183,爆火的减肥针：花6千瘦33斤，身体垮了,赘肉,胖子,,,,,,,使用替尔泊肽的9个月里，小齐花了2万多元，瘦了40多斤，看着肚子上一点点消失的赘肉，体重秤上逐渐下降的数字，小齐觉得心满意足，她松了口气：“我终于可以不当胖子了
P0451,184,小李子为爱减肥？恋爱后怒减小肚子，瘦出下颌线,肉肚,吹气球,时胖时瘦,,,,,,要知道这几年肉肚的小李子可是常常长这样的… 这么一看，不光是瘦了，而且是大瘦特瘦… 众所周知，小李子年轻的时候经常在电影里展示精瘦健美身材，但人到中年之后，就开始吹气球…时胖时瘦
P0086,185,一个容易长胖的人，可能是蛋白质没吃够,蛋白质缺乏,“蛋白质杠杆假说,蛋白质摄入不足,更容易长胖,,,,,蛋白质缺乏易长胖 《英国皇家学会会志：生物科学》刊登澳大利亚一项研究证实，“蛋白质杠杆假说”是导致肥胖的重要机制，蛋白质摄入不足更容易长胖
P0960,186,許光漢飛韓國頂零下21度拍攝 自嘲吃澱粉有點變胖,多以淀粉为主,似乎有点变胖,,,,,,,谈到韩国拍戏的经验，许光汉表示，韩国剧组拍摄节奏比较紧凑，其中几天气温更低到摄氏零下21度，晚上在湖边拍打戏时，暖身好了后，等换一个镜头身体又变冷了，而他在饮食上没什么水土不服，只是韩国食物多以淀粉为主，似乎有点变胖
P0146,187,中年發福不是福 腰圍超標是警訊,肚子已经看起来很大,疾病找上身,,,,,,,"如果肚子已经看起来很大,务必努力「瘦腰」,以防疾病找上身"
P0462,188,常吃这4类食物的人，肚子最容易长肉！,梨肚,下腹赘肉多,像个梨,,,,,,梨肚 梨肚的特征是腰细、下腹赘肉多，像个梨
P0871,189,【美女】对不起！男人眼中的微胖，长这样,微胖,更加性感,,,,,,,） 03：@Cuiyingxiu 一直以来，瘦并不是那么好看，反而微胖更加性感
P0592,190,杨钰莹终究发福了!穿搭时尚难掩浮肿 却依然清纯,身材丰腴臃肿,腰部赘 肉横生,,,,,,,无论身材丰腴臃肿的女性还是腰部赘 肉横生的女性去穿着都非常友好，遮肉显瘦的同时也更是有种人在衣中晃的慵懒感，夏天在室内的空调房里去穿再合适不过了
P0399,191,“天然泻药”被发现，一周吃几次，排出宿便降体重，简直福音,小肚腩,积累小肚腩,,,,,,,我每天为了瘦小肚腩坚持运动，后来一个运动认识的朋友告诉我，平时应该多吃一些有助于排宿便的菜，这样可以清除肠道，让体内的油脂变少，才不会积累小肚腩
P0004,192,3类人的肝脏属于“易胖体质”，肝癌风险也在升高,胖不起,,,,,,,,03 你的内脏迫切该减脂了 肝脏真的胖不起
P0181,193,何洁与家人清迈度假，体重反弹胖了有15斤，打扮倒是没那么土气了,手臂肉肉的,肩膀宽厚,没有腰身,,,,,,身着白色背心的何洁露出的手臂肉肉的，肩膀宽厚并没有腰身，而按照何洁之前说的瘦到了90斤的说法，她现在这体重应该是反弹了，用网友的话来说看着胖了有15斤
P0169,194,什么时候才能停止对马思纯身材的审视？,微胖女孩,魅力,,,,,,,因为生病吃药导致身材一度浮肿发胖的马思纯，有自己的一套有效的减肥经验——坚持下去就会发现自己焕然一新的一面
P0871,195,【美女】对不起！男人眼中的微胖，长这样,微胖女孩,魅力,,,,,,,如果你还不明白，那么接下来，让我们一起感受一下微胖女孩的魅力
P0164,196,亚洲首富之子减肥超200斤，又胖回去了！近照曝光,似乎又胖回来了,,,,,,,,然而，人们惊讶地发现，婚前派对上的他似乎又胖回来了
P0807,198,三分之二澳人超重或肥胖 营养师提醒重点关注中央肥胖,肪堆积在腰部,中央肥胖,升高患很多慢性疾病的几率,,,,,,Lisa说：“如果脂肪堆积在腰部的话就比较危险，这就是我们说的中央肥胖，确实是会升高患很多慢性疾病的几率
P0101,199,一个人胖不胖，看“圆度指数”，比 BMI 更靠谱,中心型肥胖,,,,,,,,按照我国人群标准，男性腰围≥90cm，女性≥85cm 即可诊断为中心型肥胖
P0085,200,研究显示:面包燕麦酸奶...长期吃这类食物会变胖还变傻,摄入糖份,变得肥胖,,,,,,,与此同时，越来越多的研究都在警告人们，摄入糖份的危害，它不仅让人变得肥胖，过度紧张、还会引起糖尿病、高血压、心脏病、通风等疾病
P0816,201,國會委員會籲全澳學校供餐 改善學生健康, 腹部肥胖,,,,,,,,代谢综合症的诊断标准通常包括以下5个主要风险因素，患者具有其中三项或以上，则被确认患上代谢综合症： 腹部肥胖 高血压 高血糖 高三酸甘油脂 低高密度脂蛋白（HDL）胆固醇 Advertisement 代谢综合症对健康影响深远，主要包括： 增加心血管疾病风险：如冠状动脉疾病、心脏病发作
P0365,202,大叔因跟好莱坞明星莱昂纳多惊人相似意外走红！近期却不幸失业因为，发福了...,胖版小李子,体重仍然没下来,,,,,,,刚出道时候的宣传人设就是胖版小李子 疫情期间的样子： 他曾发誓要在 2021 年减肥，并表示他将在“2022 年新年”之前“达到最佳状态”，但如今，这位大叔体重仍然没下来
P0394,203,面相变了!贾玲最新露面 体重竟反弹回归原状,胖胖的,浑身肉感十足,笑起来那憨态可 掬,特别招人喜欢,,,,,想当初，胖胖的贾玲浑身肉感十足，笑起来那憨态可 掬的模样特别招人喜欢，可如今减肥成功后再一笑，却好似把一些之前未曾注意到的缺点暴露了出来
P1095,204,欧阳娜娜「腰间肉溢出」画面疯传！网一看全愣了：太尴尬,腰上勒的那两坨肉,太尴尬,,,,,,,」、「腰上勒的那两坨肉太尴尬了」
P0605,205,中年發福不是福 腰圍超標是警訊,中年发福,肚子变大,健康容易逐渐走下坡,,,,,,"中年发福和肚子变大是许多中年人会面临的问题,如果习以为常或轻忽不管,健康容易逐渐走下坡"
P0645,206,清华学霸杀妻案又开庭！拖了359天还没初审，凶手却养得白白胖胖…,明显有些发福,,,,,,,,去年6月7日，第二次认罪听证会，陈终于入座法庭被告席，且明显有些发福
P0009,207,7个不起眼的小习惯，其实可以养肝,体重超标,胖在了肚子上,,,,,,,体重超标的人，很多都胖在了肚子上，尤其是肝脏、肠道等内脏
P1059,208,“重”视体重，“轻”松生活：肥胖问题我们说清楚,腹部肥胖,内脏脂肪多,健康隐患,,,,,,腹部肥胖、内脏脂肪多也可能埋下健康隐患
P0685,209,澳洲专家建议“封杀”圣诞老人！说会教坏小孩！原因竟然是因为太胖？？？,胖乎乎,,,,,,,,辣妈看来 圣诞老人一直以来都是圣诞节 的传统形象代表 胖乎乎又慈祥的老爷爷 是每个孩子美好童年的回忆 我们可以接受花式圣诞老爷爷 但是真没必要一票否决哦
P0130,210,中国男人配不上中国女人？,普遍,发福,与他们常去的地方有关,,,,,,政商界男性普遍发福，与他们常去的地方有关
P1084,211,陈飞宇曝私照后复出，自曝225斤瘦下来全靠跑步，因太胖被排挤,太胖,过得非常痛苦,被同学排挤,体育成绩也特别 差,自卑,,,,他曾透露因为太胖，自己在中学过得非常痛苦，不仅被同学排挤，体育成绩也特别 差，久而久之性格也开始自卑了
P0869,212,【美女】130斤的健身小姐姐有多绝？！大码的“粗腿肥臀”太炸了,多肉微胖,吸人眼 球,,,,,,,好身材绝对没有固定的模板，并不是体重越轻就越好看，多肉微胖也照样吸人眼 球
P0245,213,内马尔最新照片大变样 明显发福成“肉马尔”,略显发福,长胖了,,,,,,,近日，还在养伤中的巴西球星内马尔现身罗马里奥58岁生日派对，从现场照片来看，内马尔略显发福，不知是角度问题还是真的长胖了
P0524,214,拒绝中年“发福”，从这12件小事入手，生活化“减脂”！,中年,发福,,,,,,,但我拒绝中年的发福，我决心通过一些生活中的小事来控制体重，实现健康减脂
P1069,215,长得胖算什么，“体态崩了”才可怕！明明打扮精致，看着却更土了,胖一点,,,,,,,,但当你问到身材和体态哪个更重要时，我想说，体态才是最关键的，胖一点没关系，只要你有好的体态，你的气质就不会差到哪里去，不信的话来看看这些老年人，即便身材没有年轻人紧致，但是体态良好，一站在那里就是人群中的焦点，所以我们千万不能让自己的体态崩掉
P0027,216,43岁贾玲近照曝光！和汪顺一起打球，身材苗条年轻有活力，没复胖,复胖了,,,,,,,,自打贾玲减肥成功之后，只要她露面，媒体就会拿着放大镜审视她，顺便来一句“贾玲疑似复胖了”，以此来吸引眼球
P0888,217,肚子越大，脑子越小？肚子大可能“藏”着这些风险,脑子越小,腰臀比 高,大脑体积要比那些健康的人小一些,,,,,,"研究发现: 肚子越大,可能脑子越小 2019年,英国拉夫堡大学研究人员在临床神经病学杂志上发表的研究显示,肥胖和腰臀比 高(衡量腹部脂肪的一种衡量标准)的人的大脑体积要比那些健康的人小一些"
P0985,218,賈玲「增胖激瘦」不喊苦 下部作品曝光,胖点,,,,,,,,她透露，自己提前三年增重，直到有观众心疼说，「胖点也没什么，但是你要注意身体」的时候，「我觉得这个戏可以拍了」
P1032,219,逆轉民眾代謝症候群 8成腰粗或肥胖民眾 參加計畫後超過5成有改善,腰围过粗,,,,,,,,目前计划管理的病人中，有超过8成腰围过粗或肥胖、超过8成血压偏高、7成5三酸甘油脂偏高、7成高密度脂蛋白胆固醇偏低、超过5成饭前血糖偏高，约2成有吸烟行为
P1075,220,防止肥胖，要像猪一样吃饭,吹气一样地胖起来,,,,,,,,果葡糖浆大量出现在加工食品和甜饮料里｜编辑拍摄 然后人类就吹气一样地胖起来了——当然还有其他多重因素， 但果糖在里面绝对有贡献
P0426,221,孩子胖胖的，是好事吗？,,,,,,,,,生活中，你是不是经常听到这样的话，“小孩子胖哪叫胖啊”“小时候胖不用减肥，以后长大了自然就会瘦了”
P0126,222,中国人真的，越来越胖了,大胖小子,大小胖子,,,,,,,老一辈儿人喜欢的大胖小子，终究变成了大小胖子
P0013,223,24岁中国妹子火上外媒！工作1年长胖40斤，她一怒之下辞职，前后转变惊呆网友...,“过度肥,人体患心脏病、糖尿病、高血压等严重健康问题的风险将大大增加,,,,,,,工作的同时大家一定得注意个人健康问题，如果有“过度肥”“过度劳累”的趋势，就一定要时刻警醒了： 要知道在“过度”后，人体患心脏病、糖尿病、高血压等严重健康问题的风险将大大增加
P1052,224,郭碧婷复工状态引热议 身材发福越来越像向太,身材圆润,脸上同样是多肉状态,在镜头中有种肿胀的感觉,,,,,,郭碧婷不光身材圆润，脸上同样是多肉状态，在镜头中有种肿胀的感觉
P0345,225,哪种体型的人更长寿？研究发现：这个部位“细”点好！,死亡风险最高,,,,,,,,所以，身 材偏瘦、腰围越粗，则死亡风险最高
P0888,226,肚子越大，脑子越小？肚子大可能“藏”着这些风险,腰粗,大肚腩,危害真的很 大,,,,,,"近年来,不断有研究发现,腰粗、长大肚腩的危害真的很 大"
P0190,227,你要瘦下来，最起码在思想上,膨胀时代,肉体上的肥胖,,,,,,,我不想从科学的角度来讨论这个问题，而是从精神或者观念的角度来讨论：中国人是该告别“膨胀时代”了，不但是肉体上的肥胖，也包括精神世界的膨胀和油腻
P1046,228,"郑伊健爱妻在日4年胖27斤,希望观众接受全新的她",肥仔,,,,,,,,幽默表示可以很拽的说，只是她不想减肥而已，因为没有原因需要减肥，她忍不了美食的诱惑，体重仍有上升的空间，还说“肥仔”也可以拍东西，知道观众的接受力很大，只是大家习惯拿她从前的她作比较，她自己其实没有压力
P1110,229,"马云现身设家宴:身材发福,豪宅庭院内景曝光",看上去有点发福,脸胖了一大圈,,,,,,,马云已经久违现身了，如今58岁 的马云看上去有点发福，尤其是脸胖了一大圈，整个人看上去有点憔悴
P0685,230,澳洲专家建议“封杀”圣诞老人！说会教坏小孩！原因竟然是因为太胖？？？,胖子,胖子,,,,,,,总之，在澳洲不需要教孩子们成为胖子，也不需要教孩子们讨厌胖子
P0357,231,国家喊你减肥真相曝光：中国已成超重大国，胖下去后果太严重,胖得显眼,“偷着胖,腰围却超标,埋下健康隐患,,,,,这不是“胖得显眼”，而是“偷着胖”——很多人看似不胖，腰围却超标，内脏脂肪早已埋下健康隐患
P0487,232,惊了！最新数据：全澳超4成上班族体重超标！上班没时间管理自己的身材？一套动作10分钟，相当于跑步3000米，健身房1小时, 脂肪越囤越多,把身材撑大,,,,,,,太贵了：请私教一节课就要上千，买装备还要做好功课，很麻烦... 脂肪越囤越多，把身材撑大▼ 而椅子轻瑜伽，却能完美解决上面的问题
P0979,233,【读者投稿】走去走来 -,肥壮得像怪物,认不出来,,,,,,,肥壮得像怪物，难怪认不出来
P0920,234,"胖子终于有救了! 澳洲药房推神奇黑科技! 做个简单小测试, 肉就没了...",来澳洲,控制不住地长胖了,是澳洲,变胖,基因作祟,体重增加,,,来澳洲， 很多人都控制不住地长胖了， 有人感叹是澳洲让人体重增加， 但是， 专家最新研究， 其实变胖可能是基因作祟
P0309,235,台南男腋下汗腺發炎化膿逾2年 手術切除植皮獲改善,体型肥胖,肥胖者,皮肤皱折多,皮肤毛囊阻塞发炎,,,,,叶敬淳指出，化脓性汗腺炎与体型肥胖、抽烟习惯、家族史等因素有关，肥胖者因皮肤皱折多，加上免疫反应不稳定，易导致皮肤毛囊阻塞发炎，抽烟也会增加毛囊阻塞机率，导致组织反复发炎，汗腺较发达民众应提高警觉，透过早期诊断与治疗，有助减缓病情进展
P0271,236,别再嘲沈腾老婆胖了，这5位男星都娶了“胖老婆”，却个个很宠妻,身材发福,一 如既往地宠爱,他对江嘉年的爱意是非常真诚 的,,,,,,后来虽然江嘉年身材发福，面容苍老，长相身材都并不出众，但梁家辉对妻子是一 如既往地宠爱，而且经常会在亲吻妻子，看得出来他对江嘉年的爱意是非常真诚 的
P0108,237,不是错觉：过了这个年纪，长胖真的更容易, 25 岁后,发福界线,,,,,,,这不禁让人疑惑，难道说，身体在 25 岁后就悄然设下了一道“发福界线”
P0924,238,脂肪肝泛滥背后，是中国人的代谢危机,脂肪肝,,,,,,,,外形看起来并不肥胖的中国人，怎么就摊上了脂肪肝
P1050,239,郭碧婷《浪姐5》路透，近状曝光胖了一圈，双下巴明显超有贵妇范,身材胖了一圈,气质也发生了很大的变化,,,,,,,近日，郭碧婷录制《浪姐5》的路透视频被媒体释出，近状曝光身材胖了一圈，气质也发生了很大的变化
P0004,240,3类人的肝脏属于“易胖体质”，肝癌风险也在升高,肝脏…..长胖,,,,,,,,你的肝脏是怎样长胖的
P0405,241,奇葩！300斤网红坐飞机要求免费加3座，还以命相逼地勤推自己下机？网友：又胖又作！,胖人,,,,,,,,所以杰琳提到的胖人出行需要的轮椅、超大型床、大号马桶等，确实也有一定增设的必要
P1046,242,"郑伊健爱妻在日4年胖27斤,希望观众接受全新的她",吃胖,,,,,,,,蒙嘉慧过去4年不时分享隐居照片，被网友发现腹部隆起怀疑有喜了，当时蒙嘉慧自嘲是吃胖了，如今也再度澄清怀孕传闻
P0045,243,68岁林青霞疑不穿内衣惹争议 身材发福似大妈,身材发福,与普通大妈无异,,,,,,,人总是会老的林青霞也不例外，即使如今的林青霞已经像有些网友所说的那样，身材发福与普通大妈无异
P1010,244,身材决定寿命？研究发现：活过80岁的老人，身材大多有两个特征,微胖,,,,,,,,偏瘦的老年人很可能是营养吸收较差导致的偏瘦，而微胖的老年人则说明可正常吸收营养，身体的免疫力自然也会好一些
P0513,245,打死也不回国！凤姐现状再曝光，牙齿脱落没钱补，称当初被电视节目糟蹋了…,胖成….美国人的模样,垃圾汉堡喂大的,身材臃肿,,,,,,最近网上又曝凤姐近况，15年的美国生活，已经胖成垃圾汉堡喂大的美国人的模样，身材臃肿，牙齿又脱落...... 1 至今没有获得美国绿卡，多次强调“仍在努力” 掐指一算，凤姐罗玉凤，今年已经40岁了
P0924,246,脂肪肝泛滥背后，是中国人的代谢危机,中心型肥胖,腹部突出,苹果型身材,,,,,,而中心型肥胖者四肢可能比较纤细，但腹部突出，这种特殊的体型在日常生活中也常被称作“苹果型身材”
P0205,247,【健康知识】胖哪儿都不能胖这里！,微微凸起的小腹,胖肚子,,,,,,,可是在女性眼里，微微凸起的小腹就算胖肚子
P0176,248,伊能靜巴黎狂吃甜點稱發福了,小腹部分似乎有些微凸,,,,,,,,影片中她开箱喜欢的纯白色饭店布置、分享了多套穿搭，但穿著较贴身连身裙的她，小腹部分似乎有些微凸
P0042,249,"60岁水均益现身加拿大,身材发福,大腹便便遭嘲笑",,,,,,,,,其实在去年的时候，就有美女晒出与水均益的合照，但是当时他的肚子还是平的，并没有这么大
P0890,250,肥肉长在哪里最危险？50岁后脂肪长在这个部位或更易老年痴呆！,腰臀比例大于0.9,内脏脂肪过剩,高危,腹型肥胖,,,,,腰臀比：男性腰臀比例大于0.9、女性大于0.8，表明是内脏脂肪过剩的高危人群，大于1.0即为腹型肥胖
P0642,251,海南航空关于要”过重“空姐停飞的规定在中国引起公愤,变胖,,,,,,,,体重没有超过标准5%的空姐会被航空公司每个月进行检查，预防他们变胖
P0883,252,《老情歌》吕方暴肥模样曝光 「胖到看不见脖子」身材大走钟,体重再 度直线飙升,身形明显暴肥一圈,脸部也圆润不少,几乎是过往的2倍 大,,,,,没想到才事隔半年，他于日前出席黑龙江的拼盘演唱会时，只见体重再 度直线飙升，登台献唱《弯弯的月亮》时，不仅身形明显暴肥一圈，脸部也圆润不少，几乎是过往的2倍 大
P0918,253,胖一点的老人和瘦一点的老人，谁更长寿？调查55万人后给出答案,稍微胖点,能更好的抵抗疾病,降低死亡率,,,,,,上海中医药大学附属岳阳中西医结合医院史晓主任医师指出：老年人稍微胖点能更好的抵抗疾病，降低死亡率
P0108,254,不是错觉：过了这个年纪，长胖真的更容易,肌肉流失,降低…代谢率,难瘦易胖体质,,,,,,如果仅仅追求减少重量，而不去降低体脂肪比例，甚至造成肌肉流失，就会降低自己的代谢率，形成难瘦易胖体质，这和减肥的根本目标是背道而驰的
P0347,255,唐代以胖为美？从唐代服饰探究其真假,体态之“丰腴”,,,,,,,,“胖”之女身，缘由多之 唐代之所以欣赏女子体态之“丰腴”，除了与女性服饰有关之外，还有着许多其他的缘由
P0024,256,"41岁发福松弛的蒋欣,打脸了多少“假冻龄”女神",看得出微微发福,身材看起来有些丰腴,,,,,,,蒋欣在《梦想城》里还看得出微微发福，加上她本来骨架子就比较大，所以身材看起来有些丰腴，不过好在在剧里蒋欣出演的“商业精 英”并没有过度强调时尚靓丽的穿着打扮
P0472,257,彻底放飞自我?阿娇最新演出胖成“阿爆”演出划水,变胖了,会败光观众的好感,,,,,,,真心建议阿娇能拿出来之前参加《浪姐》的那种劲头，尊重每一次的表演，对得起观众的期待，变胖了还可以再努努力瘦回来，但要是 心态变得懒惰不尊重舞台敷衍了事，最终只会败光观众的好感
P0545,258,新西兰亚裔肥胖危机：住得越久越胖？三大原因揭示真相！澳洲健康产品推荐助力改善体重管理,“越住越胖”的魔咒,,,,,,,,结语：如何摆脱“越住越胖”的魔咒
P0884,259,"老戏骨林雪健康令人担忧!体重飙升,做运动表情痛苦",庞大的肚腩,没能够遮盖住大肚子,,,,,,,只不过，林雪一起身，那庞大的肚腩便脱颖而出，尽管其努力提了提裤子，但还是没能够遮盖住大肚子
P0247,260,冯巩67岁大寿 贾玲搂恩师合影 复胖身形引关注,复胖,,,,,,,,至于网友们疯传的贾玲复胖20斤，潼娅也给出了肯定的证实，坦言贾玲并没有复胖，现在仍然像电影里一样瘦
P1072,261,长期被“冤枉”的5 个好东西 以为有害，其实可以放心吃, 全脂牛奶,更容易长胖,,,,,,,04 全脂牛奶 全脂牛奶更容易长胖，用脱脂奶代替 更好
P0227,262,全球女性罩杯排名出炉：挪威D罩登顶，澳洲平均B罩,体 重较大,,,,,,,,研究人员认为，这种差异可能是因为遗传因素，挪威女性可能天生倾向于拥有较大的胸围，这与通常认为体 重较大的女性胸围也较大的趋势有所不同
P0837,263,立冬鍋物儀式感小心血壓失控 別睡前4小時進補,中度肥胖,,,,,,,,这名女性本来就患有高血压、中度肥胖，在投入减重行列后，开始改变饮食习惯，饭后到附近操场散步，2个月内成功从80公斤减到72公斤，血压却持续上升，甚至达160/90毫米汞柱（mmHg）
P0521,264,报告：全球45%的人口正在努力减肥！一年“胖死”280万人！澳洲所在地的风水不好？大洋洲都要胖炸了！,现代生活方式带来的诸多变化,饮食结构、睡眠、压力和生活规律等，都会刺激调定点上升,引发“重复肥胖”,,,,,,而现代生活方式带来的诸多变化，包括饮食结构、睡眠、压力和生活规律等，都会刺激调定点上升，引发“重复肥胖”
P0237,265,全英最胖小镇：80%都胖子，全镇仅一家蔬果店？！胖到走红后，他们不愿意了...,美国的胖子,,,,,,,,他是加拿大人，我喜欢，但对他来说，他家乡的肥胖人群更多，美国的胖子也比这里要多得多
P0888,266,肚子越大，脑子越小？肚子大可能“藏”着这些风险, 男性腰围≥85厘米,女性腰围≥80厘米,腰上….太多脂肪,堆积,较高的疾病风 险,,,,《中国成人超重和肥胖症预防控制指 南》明确规定： 男性腰围≥85厘米 女性腰围≥80厘米 即为超标 即使那些体重在正常范围的人，如果腰上堆积太多脂肪，也同样有较高的疾病风 险
P0933,267,英国最胖的城镇:麦当劳门前车辆排长队,体型偏胖,,,,,,,,走在街头，你会发现这里的居民普遍体型偏胖，五分 之四的人口被归类为超重或肥胖
P0060,268,BMI無肥胖少女高血脂 醫：有家族遺傳飲食要忌口,爱甜食和油炸物,正常偏过重,血脂肪异常,惊觉不妙,家族遗传,,,,15岁的小宜爱甜食和油炸物，BMI值不到肥胖，为正常偏过重，直到学校健康检查发现血脂肪异常才惊觉不妙，被医师提醒有家族遗传，饮食要忌口，幸好调整习惯后，血脂数值已正常
P0927,269,腹部、大腿還是手臂?,身材像苹果,脂肪集中在腰腹,像梨子,脂肪多长在大腿和臀部,,,,,"有人身材像苹果,脂肪集中在腰腹;有人像梨子,脂肪多长在大腿和臀部"
P0629,270,"没想到!如果胖得「稳定」,其实是一种长寿优势",肚子往往跟着体重一起长,,,,,,,,由于肚子往往跟着体重一起长，怎么才能做到适量增重的同时不增大腰围呢
P0202,271,健康生活 仁心仁術  髖關節僵硬(Stiff Hip),很 胖,有肚腩,,,,,,,当然如果你很 胖和有肚腩的话就例外
P0086,272,一个容易长胖的人，可能是蛋白质没吃够,长胖,,,,,,,,很多人害怕长胖，会在饮食中限制肉蛋奶等食物的摄入量，尽量少吃甚至不吃
P0290,273,华人惊恐发现，来了澳洲以后体重开始超标！全球肥胖榜，澳洲排名靠前，据说与地理位置有关？,慢慢压垮我们的身体,过重的体重,身体里的骨头无法负重,身体骨骼慢慢变形,,,,,而且肥胖也会慢慢压垮我们的身体，过重的体重会导致身体里的骨头无法负重，以至于身体骨骼慢慢变形
P0328,274,吃面食和吃米饭哪个容易胖？主食这样搭配，控糖又不胖！,吃面食,全身性肥胖,中心性肥胖,,,,,,吃面食的人，确实更易发胖 2022年发表在《营养素》上的一项研究发现，在男性群体中，相较于更倾向于吃面食的人群而言，经常选择米饭作为主食者其全身性肥胖及中心性肥胖的风险显著降低
P0918,275,胖一点的老人和瘦一点的老人，谁更长寿？调查55万人后给出答案,微胖,更健康和长寿,,,,,,,如今，很多年轻人为了健康着想，会刻意控制体重，但对于中老年人而言，体重微胖的人可能会更健康和长寿
P0192,276,侮辱or玩笑？华人也在用的“修图神器”引发争议，已紧急下架,肉肉的,当作侮辱,感到不适,,,,,,反对使用“胖胖滤镜”的人表示：“我认为，人们完全有权利因为‘胖’或‘肉肉的’被当作侮辱而感到不适
P1095,277,面相变了!贾玲最新露面 体重竟反弹回归原状,复胖,,,,,,,,出于对她的关心，一些网友开始去查找贾玲近期出席的其他活动情况，这一查才发现，原来她的 “复胖” 早有端倪
P0869,278,【美女】130斤的健身小姐姐有多绝？！大码的“粗腿肥臀”太炸了,恰到好处的肉感,赏心悦目的曲线,梦寐以求的身材,希望达到的目标,,,,,恰到好处的肉感，赏心悦目的曲线，这是多少人梦寐以求的身材，又是多少健身女 孩希望达到的目标
P0335,279,吴奇隆发福变油腻 与《英雄本色》女主亲如母子,身形 胀爆了不少,霎眼间差点认不出来,被网民吐槽,男神崩坏了,,,,,反而53岁的吴奇隆身形 胀爆了不少，脸上留低了不少岁月痕迹，霎眼间差点认不出来，被网民吐槽男神崩坏了
P1009,280,身材决定寿命？研究发现：大腿粗、屁股大的人，可能更长寿,腰围越大痴呆越早,,,,,,,,今天全部说清楚…》.科普中国.2020-09-13 [2]《腰围越大痴呆越早
P0459,281,巨石强森变“鹅卵石”:大肌霸的诸神黄昏,最强胖子,鲸吞万物,超级肉墩,,,,,,曾记否，外服最强胖子“鳄梨小哥”，眼瞅着从拉小提琴的文艺素食青年，变成了鲸吞万物的超级肉墩
P0164,282,亚洲首富之子减肥超200斤，又胖回去了！近照曝光,患有哮喘和服用类固醇,再次发胖,,,,,,,随后，健康专家们指出，阿南特患有哮喘和服用类固醇可能是他再次发胖的原因
P0421,283,子宮內膜過厚恐罹癌 醫籲多囊等6族群定期檢查,,,,,,,,,医师提醒，子宫内膜太厚需高度警觉罹癌风险，吁多囊性卵巢症候群、早发月经或晚停经者、从未怀孕或不孕女性、肥胖者（BMI大于30）、糖尿病与高血压患者及有子宫内膜癌家族史者等族群，应定期检查子宫内膜状态，以预防癌症风险
P0451,284,小李子为爱减肥？恋爱后怒减小肚子，瘦出下颌线,啤酒肚,双下巴,后背手臂的脂肪丰厚,毫无锻炼痕迹,盖不住挺起的肚腩,,,,啤酒肚和双下巴一个不差，给卡米拉拍照时可以看出，后背手臂的脂肪丰厚，毫无锻炼痕迹… 2022年底，他和23岁的女演员维多利亚·拉马斯短暂约会期间，穿黑色都盖不住挺起的肚腩
P0247,285,冯巩67岁大寿 贾玲搂恩师合影 复胖身形引关注,胖乎乎,可爱,,,,,,,只是瘦下来的贾玲，除了两个小酒窝没变，其他五官都没有胖乎乎时候的她可爱，眼角的皱纹明显，皮肤肉眼可见的松弛垮塌了
P0475,286,徐静蕾首回应秘密生女传闻 晒49岁近照认胖了很多,身形较为丰腴,双下巴也冒出来,好像是胖了一点,特别的，不是一点,,,,,」并配图三张在家里玩VR健身游戏supernatural的 照片，画面中，徐静蕾身穿格子衬衫和贴腿七分裤，戴着VR眼镜，随着情境手足舞蹈，相当投入，眼尖的 网友发现，徐静蕾的身形较为丰腴，双下巴也冒出来，便留言：「好像是胖了一点啊哈哈」，想不到钓出徐静 蕾本尊回复：「特别的，不是一点
P0347,287,唐代以胖为美？从唐代服饰探究其真假,显得更加“多肉,胖才好看,,,,,,,在女子服饰的开放化之后，男子眼中的女子会显得更加“多肉”，女子的体态会展现得更加明显，这也是为何说出唐代女子胖才好看的观点
P0126,288,中国人真的，越来越胖了,肚子大,,,,,,,,〓 2018 年一个抽查约18 万人的研究结果发现，中国成年居民中知晓自身体重状况者不到一半，知晓腰围者仅有约十分之一 / [31] 这样就造成很多人四肢不胖，但肚子大的问题
P0928,289,良医支招减重秘籍：吃对动好心情佳，告别肥胖就这么简单！,赘肉,困扰,,,,,,,想要甩掉赘肉、远离肥胖困扰
P0848,290,總是吃不停 四招趕走假食慾,假食欲,变胖,,,,,,,"」开始指导患者饮食后,我发现很多人都是因为「假食欲」 而变胖"
P0645,291,清华学霸杀妻案又开庭！拖了359天还没初审，凶手却养得白白胖胖…,胖了不少,脸颊饱满,手臂粗 壮,,,,,,尽管 此次庭上出具了尸检报告，但辩护律师以忙于其他案件为由，又双叒申请了择期开 庭... 去年10月5日，第三次认罪听证会上，陈立人甚至都胖了不少，脸颊饱满，手臂粗 壮
P0135,292,中国胖子，即将反超美国,逐渐变胖,,,,,,,,二者间有一点差异，但即便标准略有不同，中国人逐渐变胖的大趋势还是很明显的
P0427,293,孩子身体出现这个变化，可能大脑正在偷偷变笨！要警惕,胖孩子,继续肥胖,,,,,,,美国有一项长期追踪的研究发现，78% 的胖孩子成年后可能会继续肥胖[4]
P0427,294,孩子身体出现这个变化，可能大脑正在偷偷变笨！要警惕,大脑明显出现了变化,,,,,,,,结果发现：BMI 显示超重和肥胖的孩子，和 BMI 正常的孩子相比，大脑明显出现了变化[1]
P0490,295,惊人报告！澳洲超市里的这些东西，吃多了中风早死风险飙升！吓得手里可乐都掉了！,胖一点,能勉强接受,,,,,,,胖一点还能勉强接受，中风早死就算了吧
P0005,296,4成過年變胖均增1.7公斤 營養師：冬天瘦身黃金時期,农历年,变胖,,,,,,,国内近4成民众过完农历年后变胖，平均增1.7公斤
P0420,297,「婉君」俞小凡復出想拍戲 最近煩惱是「吃不胖」,吃胖,,,,,,,,平日她多会在餐厅帮忙招呼客人，下午上健身房，数十年如一日的修长身材其实让她很苦恼，「我真的怎么吃都不胖，还想要别人教教我怎么吃胖」
P0130,298,中国男人配不上中国女人？,脑袋大,脖子粗,不是老板是伙夫,,,,,,” 除了动力不足，中国男人改善外表的能力也不够 1、政商界男性更需要去会所而不是健身房 官员的身材欠佳，商人的也好不到哪里去，不是有句话叫“脑袋大脖子粗，不是老板是伙夫”吗
P0274,299,"别超重!体重如果达到这个数,等于大脑早衰了12年",大肚子,,,,,,,,2023年，国际权威期刊《衰老与疾病》刊登的研究显示，内脏脂肪（表现为大肚子）和皮下脂肪（能捏起来的肉）升高，与脑容量减少有关
P0567,300,曾因救人昏迷又遇丧女，南京胖哥切胃瘦100斤后再生子，本人回应“生死5年”：我在苟活，但并不卑微,南京胖哥,,,,,,,,事发后，“南京胖哥”邱绍春的故事在网上传播
P0491,301,惊人的因果定律：人品好的人，根本不会吃亏,,,,,,,,,别盯着他人的短处不放：在矮的人面 前不谈身高，在胖的人面前不谈身材，在 皮肤黑的人面前不谈肤色…… 身处山顶别瞧不起山下的人：与穷人 交谈不炫耀金钱，与孤寡老人交流不炫耀 儿孙满堂，与不幸之人交谈不炫耀自己的 幸福…… 做人，唯有尊重别人，才会被人尊重
P0125,302,中国亲戚逼疯外国小哥！崩溃发帖：为啥见面第一句就是评价我长相？评论亮了...,比一般人胖一点,别人拿你的外貌开玩笑其实很常见,,,,,,,人们只是单纯地在说，有时候如果你比一般人胖一点、单眼皮，或者身高比较矮，别人拿你的外貌开玩笑其实很常见
P1008,303,身体胖寿命短？医生却说：恭喜你！这2个地方“胖”是好事！,,,,,,,,,但有两个部位发胖却是例外，即臀部、大腿
P0888,304,肚子越大，脑子越小？肚子大可能“藏”着这些风险,腹 型肥胖,,,,,,,,而对于腹 型肥胖导致的高血压患者来说，随着体重的下降，血压也会有不同程度的下降
P0831,305,私教立即请回家，看到的人都别错过...,体重稳如泰山,甚至还重了,,,,,,,为了拥有好身材，每天吃得比兔子少，跳绳跑步不带停，可往体重秤上一站，体重稳如泰山甚至还重了
P0347,306,唐代以胖为美？从唐代服饰探究其真假,显得更加“珠圆玉润,,,,,,,,因此，胖并不能作为唐朝的真正审美特征，况且，唐朝时期被称赞的美女本不胖，只是相较于其他女子会显得更加“珠圆玉润”而已
P0079,307,USANA优莎纳蛋白营养粉——甩掉游泳圈，赢回人生C位,糖尿病风险越高,可能得终身“抱”着药瓶子,,,,,,,胖得越久，糖尿病风险越高，可能得终身“抱”着药瓶子
P0108,308,不是错觉：过了这个年纪，长胖真的更容易,高能量食物吃得多,能量摄入也随着升高,,,,,,,高能量食物吃得多了，能量摄入也随着升高，自然就更容易长胖
P0552,309,日本全球最瘦，却又全球最“寿”！日本人为啥这么瘦、又那么寿？,胖子,,,,,,,,相反，运动最积极的美国，40%的人健身到嗨，可胖子还是比日本多了好几倍，所以，日本人“瘦”真跟运动没多大关系
P0059,310,"BMI:肥胖的伪标准,难道我们被骗了100多年吗?",内脏肥胖,,,,,,,,这主要因为哪在相同的BMI人群中，东亚人的体脂量更大，且更倾向于内脏肥胖
P0179,311,体重120斤以上的女人，别再穿阔腿裤了！换成这3种打扮更时尚显瘦,,,,,,,,,一次显瘦多种风格! 即使微胖女性在穿搭方面选择了时尚又显瘦的衣物，但如果它们搭配不当依然会显得怪异并让人直观地认为她们没品位
P0345,312,哪种体型的人更长寿？研究发现：这个部位“细”点好！,太多肥肉脂肪聚集在腰腹部,腹 型肥胖,腰围增加、超标,,,,,,”太多肥肉脂肪聚集在腰腹部，意味着腹 型肥胖，腰围增加、超标
P0239,313,关晓彤最新状态惹争议:发福脸肿 年龄感尽显,整个上半身…..很壮,多次被吐槽,,,,,,,但几乎每次关晓彤工作室晒出她的vlog，都能看见她为了身材努力的样子，甚至还搭配饮食，但是面部状态依旧很难维持，整个上半身也多次被吐槽很壮
P0682,314,澳洲42岁母亲体重高达247斤！多次减肥无果，心态爆炸的她不运动减下100斤！从此人生像开了挂一样！,胖子,,,,,,,,我就要做一个有骨气的胖子
P0871,315,【美女】对不起！男人眼中的微胖，长这样,浑圆的曲线,太吸睛,,,,,,,（浑圆的曲线简直不要太吸睛啊
P0657,316,潘帅变潘叔？44岁潘玮柏中年发福不敢认，胖至200斤老10岁，网友：快减肥,胖子,,,,,,,,而且潘玮柏不但在演唱会上庆祝生日，还摆出了两排人形立牌，都是自己以前各个 时期的造型，其中一张，就是他穿红西装的胖子图
P1012,317,辛芷蕾在国外带火了一种贵妇穿法：短外套+短裤，微胖圆脸真优雅,屁股大,微胖身材,,,,,,,搭配高腰短裤 下半身配上一条高腰的短裤和上衣，材质面料相同，颜色也相同，这样可以保持上 下的整体统一协调性，宽松的短裤还能藏住屁股大的问题，微胖身材可以试试
P0057,318,3900万新病例？儿童肥胖正在改写一代中国人的健康轨迹,一代更胖的国人,,,,,,,,这些肥胖的孩子所带来的，可能是一代更胖的国人
P0057,319,3900万新病例？儿童肥胖正在改写一代中国人的健康轨迹,一胖误终身”,,,,,,,,这就是肥胖的轨迹效应，所谓“一胖误终身”
P0840,320,第一批打司美格鲁肽减肥的人，已被反弹劝退,反弹,越来越胖,,,,,,,” 反弹，被减肥药捆绑的年轻人 不可否认的是，人类确实越来越胖了
P0993,321,赌王女儿何超盈暴瘦？结婚时发福似两百斤，减肥速度堪比贾玲,结婚生娃,胖成球,,,,,,,四太大女何超盈结婚生娃时胖成球，婚后立马瘦成一道闪电
P0305,322,“只吃汉堡也能瘦”“只喝奶茶也能瘦”？真相出人意料,饮食不规律,一顿饥一顿饱,更容易长肉,,,,,,“饮食不规律，一顿饥一顿饱反而更容易长肉” 程璐是艺考生，在高中时为了艺考曾严格控制体重
P0731,323,"澳洲超市最受欢迎的超级水果, 竟能解决困扰无数人的问题! $2就能买到",腹部肥胖,,,,,,,,这项研究成果刊登在《美国心脏协会杂志》上，研究人员找了969名25岁及以上、腹部肥胖的成年人来参与试验
P0760,324,王宝强将再当爹？冯清现身公司有助理陪伴，肚子凸起明显疑怀孕,整个人都变得很大只,似乎发福发胖了不少,肚子也有点凸起,怀孕的既视感,,,,,穿着十分宽松，丝毫不能够体现身材，重点是冯清整个人都变得很大只，似乎发福发胖了不少，尤其是冯清肚子也有点凸起，看上去就是怀孕的既视感
P0535,325,整天滑3C不離手 兒童青少年脂肪肝比例增,脂肪肝,胖一点,为长高储备能量,,,,,,「许多家长以为脂肪肝是大人病，甚至认为孩子胖一点是在为长高储备能量
P0303,326,发胖真有“分界线” 从这个年龄开始代谢急转直下,25岁后,悄然设下了一道“发福界线”,,,,,,,这不禁让人疑惑，难道说，身体在25岁后就悄然设下了一道“发福界线”
P0273,327,"别看潘粤明现在胖若两人,顶顶跟他发福前一模一样",胖若两人,,,,,,,,别看现在潘粤明胖若两人，糙成叔，恍若退圈般变样，年轻那会却是教科书式的“鲜肉”
P0980,328,调查：10年间德国严重超重人数增加近1/3,极度肥胖,,,,,,,,更令人担忧的是，25岁至34岁之间极度肥胖的年轻男性数量不断增加
P1012,329,辛芷蕾在国外带火了一种贵妇穿法：短外套+短裤，微胖圆脸真优雅,圆脸微 胖, 圆 圆 的 脸 蛋,圆润的脸蛋,微 胖 的 身 材 ,显得相当的贵气,,,,"人们的审美是在一直变化的,很多人都觉得瓜子脸,大眼睛才是真正的美女,但是也有一些 美女可能长着一张圆润的脸蛋,她们的身材可能也没有那么的苗条,比如辛芷蕾就是圆脸微 胖 的 代 表 , 虽 然 她 有 着 圆 圆 的 脸 蛋 的 和 微 胖 的 身 材 , 但 是 她 候穿上了短外套和高腰短裤更是显得相当的贵气"
P0924,330,脂肪肝泛滥背后，是中国人的代谢危机,中心型肥胖,脂肪过多….在腹腔,堆积,中心型肥胖,,,,,中心型肥胖的形成，主要是由于脂肪过多堆积在腹腔 比起BMI，衡量中心型肥胖常用的指标是腰围、腰臀比（腰围除以臀围）
P1002,331,趙露思抑鬱症未癒 近況公開,微长了点肉,,,,,,,,"据报道,赵露思因为健康亮红灯而瘦到 36.9公斤,不过最近微长了点肉,胖了4公 斤"
P0682,332,澳洲42岁母亲体重高达247斤！多次减肥无果，心态爆炸的她不运动减下100斤！从此人生像开了挂一样！,胖仙女,食物中寻找安慰,爱吃甜食,不爱运动,一度把油炸薯片当成自己的一日三餐,生活习惯不规律,比同龄孩子大一个size,猪猪女孩,她和普通的胖仙女们一样，喜欢从食物中寻找安慰，爱吃甜食，不爱运动，并且一度把油炸薯片当成自己的一日三餐...... 生活习惯不规律是一方面，另外几乎家族中的大部分人都超重，而且Kim从小就比同龄孩子大一个size然而她也并没有放弃治疗，像很多猪猪女孩们一样，尝试过各种各样的减肥方式
P1070,333,长期不运动，身体会发生哪些变化？人生变好，从坚持运动开始！, 腰腹部更容易囤积赘肉,上班长时间久坐,在家也总是坐着、躺着,日常摄入的热量没法及时消耗,赘肉,,,,1 腰腹部更容易囤积赘肉 上班长时间久坐，在家也总是坐着、躺着……日常摄入的热量没法及时消耗，赘肉不找上你才怪
P1029,334,追求长寿第一步：把自己吃胖一丢丢,微胖,,,,,,,,两位体重一样的女性，哪位看起来更健康呢 另外，研究者还提出，高血压、糖尿病之类的疾病，对偏瘦的人更具攻击性，更难治一点，因为他们没法跟微胖的人一样，后者 光是靠减掉多余的体重，就能对疾病有较好的控制，甚至彻底逆转疾病
P0018,335,30歲男每天10顆慢病藥 手術加調整生活減100公斤,,,,,,,,,术后15个月，体重降至80公斤，身体质量指数（BMI）改善至26.7，多项共病症状几乎完全缓解，血糖回稳，血压与血脂都恢复正常，脂肪肝改善，不再受睡眠呼吸中止症状所苦
P0474,336,"徐静蕾退圈后长居美国:到处吃喝玩乐,模样发福",发福了一些,看上去虎背熊腰,腿比起之前也粗了不少,,,,,,或许就是“心宽体胖”，徐静蕾眼瞅着也发福了一些，看上去虎背熊腰的，腿比起之前也粗了不少
P0019,337,33岁张含韵被骂“爆肥”！1.62米55公斤，本人晒秤自嘲“真的胖”,多年的….焦虑,看起来就像胖了十斤,,,,,,,此前，她在录制综艺时曾表示，自己有多年的“减肥焦虑”，“可能体重没长多少，但脸看起来就像胖了十斤
P1085,338,陳展鵬唔覺老婆發福 郭珮文不介意身材,发福孕味浓,,,,,,,,单文柔早前被指发福孕味浓，他否认：「佢好惨，暂时没有怀孕，太太喜欢笑才错觉面形较圆，在我眼中一点也不肥，最紧要她健康，身形不必太瘦
P0734,339,澳洲这个家家必备的食物，其实一直都被冤枉了！,,,,,,,,,然而，如今它却常被贴上“高碳水”“易发胖”的标签，甚至被一些人视为饮食大敌
P0983,340,"谷歌杀妻案最新: 清华学霸胖到认不出, 前女友关键“日记”提交",明显胖了不少,,,,,,,,和被捕后第一次出庭时两颊凹陷的照片(上图右)相比，陈立人明显胖了不少
P0871,341,【美女】对不起！男人眼中的微胖，长这样,微胖,更受男性青睐,,,,,,,这也难怪，微胖的女生更受男性青睐
P0871,342,【美女】对不起！男人眼中的微胖，长这样,微胖,触摸手感太好了，软绵绵的,,,,,,,2、微胖女生的触摸手感太好了，软绵绵的
P0192,343,侮辱or玩笑？华人也在用的“修图神器”引发争议，已紧急下架,嘲笑和恐惧胖人,社会变得更容忍,,,,,,,它在更大尺度上，让社会变得更容忍嘲笑和恐惧胖人
P0192,344,侮辱or玩笑？华人也在用的“修图神器”引发争议，已紧急下架,胖人,,,,,,,,” “胖人不是某个喜剧TikTok滤镜，也不是你节食前的‘前’照片，或者搞笑的‘减肥后’照片
P0371,345,"在所有肥胖的危害里,「精神疾病」是我没想到的",腹部肥胖,肺功能损害几率高两倍,慢阻肺和睡眠呼吸暂停等呼吸道疾病发病率更高,,,,,,2、肺部 与体重正常者相比，腹部肥胖者肺功能损害几率高两倍，慢阻肺和睡眠呼吸暂停等呼吸道疾病发病率更高
P1048,346,郭晶晶全家云南避暑 霍启刚大肚腩发福明显,又矮又胖,大肚腩,富家公子的气质一下子不见了,,,,,,话说路人能够巧遇“晶刚夫妇”真的很惊喜，但这拍摄角度却把霍启刚拍得又矮又胖，别人都是短袖短裤，霍启刚的穿搭还停留在春 季，把自己裹得严严实实，倒还凸现了自己的大肚腩，富家公子的气质一下子不见了
P0994,347,赵丽颖裙子显土 殷桃脸肿发福 李沁星光闪闪,更显“脸大”,发福了,,,,,,,殷桃后台与他人聊天时，更显“脸大”，看来小姐姐是发福了，需要稍稍克制一下自己，恢复面部纤瘦感才好
P0169,348,什么时候才能停止对马思纯身材的审视？,微胖,,,,,,,,也许有着“性感如红姑”称号的钟楚红，放在今天都会被归为微胖女星的标签里，被经纪公司按头要求减肥
P0205,349,【健康知识】胖哪儿都不能胖这里！,肚子胖,,,,,,,,所以肚子胖的朋友，即使体重正常也得好好减哦
P0991,350,贾玲承认瘦身100斤，海报与近照胖若两人，袁弘曝训练量高达三倍, 肉肉的感觉,,,,,,,,"如果路演的时候见到我,有机会能不 能上台抱抱我,虽然我现在抱起来可能会有点“硬”,但我真的好想你们!大年初一见! 前几日，贾玲一张剧照曝光，近照中的她瘦身大成功，不论是脸部还是身上，那种 肉肉的感觉全都没了，整个人简直瘦了好几圈"
P0932,351,"英国最胖的人:体重890斤创世界纪录,成功减重‘三个贾玲’!被美国女子求爱追到英国…",胖子,,,,,,,,作为肥胖症研究专家，他见过不少胖子，但当他见到保罗时还是大吃一惊
P0588,352,李湘機場被偶遇 身材「富態」,身材丰满,身材又胖了一圈,,,,,,,大陆知名主持人李湘，近日在机场被拍到飞英国给女儿王诗龄陪读，身穿碎花洋装，身材丰满，从影片看来，李湘身材又胖了一圈
P0536,353,文章恋情曝光后首现身，左手戴戒指疑似二婚，与绯闻女友多次同台,胖了很多,中年,发福,,,,,,这次现身活动现场，文章看起来胖了很多，有中年发福的迹象
P1068,354,"长在这两个部位的脂肪,其实是一种优势",腹型肥胖,,,,,,,,正常来说，男性腰围应小于90厘米、女性小于85厘米，超过该范围就属于腹型肥胖
P0779,355,當猪長着 翅膀,胖小子,,,,,,,,"一辆豪华汽车缓缓驰近,车停,一对父子走下车,西装笔挺的父亲指了指,后面的侍从立即拿起大鱼、八爪鱼,对于那几条小鱼视若无睹,Jafaar设法引起小主人的注意,这个6、7岁的胖小子一 若他父亲,仰头高傲地走过,不屑一顾"
P0192,356,侮辱or玩笑？华人也在用的“修图神器”引发争议，已紧急下架,身材丰满,变得更胖一些,,,,,,,少有本来就身材丰满的人，让自己变得更胖一些
P0030,357,46岁孙燕姿演唱会被吐槽服装太丑，太胖了...,好胖,,,,,,,,最主要的是显得孙燕姿好胖呀
P0328,358,吃面食和吃米饭哪个容易胖？主食这样搭配，控糖又不胖！,吃面食,,,,,,,,同样是碳水，为什么吃面食更容易胖
P0347,359,唐代以胖为美？从唐代服饰探究其真假,体态之丰腴,,,,,,,,虽然从《仕女图》《捣练图》中研究得出唐朝女子之“肥胖”，体态之丰腴，但是这并不能囊括整个唐朝的审美，一个朝代真正的审美特征是不会局限于只有“胖”的
P0871,360,【美女】对不起！男人眼中的微胖，长这样,微胖,是性感,性感丰满,会让人爱不 释手,微胖,肥宅,,,"网络上,关于「#微胖」的话题,频频上热搜; 如果,骨感是高级,那么微胖绝对是性感;身材凹凸有致、性感丰满的女生总让会让人爱不 释手!当然，我们说的微胖，不是让你敞开了吃，那样只能叫肥宅"
P0356,361,国家喊你减肥，真的是为你好，能帮你省大钱！,富贵病,,,,,,,,肥胖是“富贵病”
P1063,362,重马胖女孩”意外出圈 曾是8块腹肌“追风少女”,胖女孩,,,,,,,,重返赛道找回阳光自信 从有着8块腹肌的教练到160斤的“重马胖女孩”，这些年，李利经历了什么
P0888,363,肚子越大，脑子越小？肚子大可能“藏”着这些风险,胖人,腰粗,胖人,发生冠心病、急性冠心病事 件和死于冠心病的风险分别增高29%、30%、32%,,,,,与腰不粗的胖人相比，腰粗的胖人腰围每增加9.5厘米，发生冠心病、急性冠心病事 件和死于冠心病的风险分别增高29%、30%、32%
P0487,364,惊了！最新数据：全澳超4成上班族体重超标！上班没时间管理自己的身材？一套动作10分钟，相当于跑步3000米，健身房1小时,身材发胖,忙碌,忽略自己,,,,,,如果你常常因为忙碌而忽略自己，让自己身材发胖、关节疼痛、弯腰驼背、睡眠质量差... 那么，请你一定别错过这堂让你蜕变的椅子轻瑜伽课
P0013,365,24岁中国妹子火上外媒！工作1年长胖40斤，她一怒之下辞职，前后转变惊呆网友...,压力和过度劳累,过劳肥,,,,,,,当厨师是一段痛苦的经历，我在餐馆工作时与之共事的每个人都因压力和过度劳累而超重 社畜吐槽：上班让人累丑了 小欧的经历之所以能引起国内外网友们的集体共鸣，无关其他，只因为不管国内国外，一旦上班就不得不染上“班味”，走向“过劳肥”
P1095,366,面相变了!贾玲最新露面 体重竟反弹回归原状, 体重反弹复胖,,,,,,,,在集体照里，她总是用自己的格子衬衫巧妙地挡住身体，不管周围大 家的站位如何变动，她就稳稳地站在冯巩身边，尽量不让自己的全貌被镜头捕捉到，旁人也只能从她露出来的手部去推测，她大概率是 体重反弹复胖了
P0234,367,全红婵不去学校上课！变壮遭网友质疑：半退役？还能参加奥运会？,显得 更壮实,肩宽甚至堪比苏炳添,,虎背熊腰”,,,,,从照片来看，扎起小辫子的全妹显得 更壮实，肩宽甚至堪比苏炳添，被网友称为“虎背熊腰”
P0247,368,冯巩67岁大寿 贾玲搂恩师合影 复胖身形引关注,略有复胖,,,,,,,,贾玲似乎也有所准备，在集体大合影中，她机智地用格子衫外套挡住了身体的大半部分，而在多张合影中，不管同学们的站位有任何改变，贾玲始终都站在冯巩身边，还微微侧身，无法让人直观地感受到她的身形变化，只是从手部状态来看，贾玲还是略有复胖的
P0654,369,減重後被說復胖 賈玲分享運動日常,小腹隆起,,,,,,,,从画面来看，贾玲身材依旧纤细，手臂和大腿线条更加结实，绝无「小腹隆起」
P0084,370,"一个不吃晚饭的人,是怎样养成「易胖体质」的?",补一顿“夜宵,长胖更快,,,,,,,宵夜来补偿，部分人夜里饿得睡不着，再补一顿“夜宵”，长胖更快
P0916,371,肿瘤患者到底“胖点好”还是“瘦点好”？营养师表示,胖一点,,,,,,,,但对于肿瘤患者而言，胖一点就一定是坏事吗
P0337,372,吴某凡监狱生活被曝！胖了20斤，当上小班长，天天创作正能量歌曲！粉丝组织劫狱！网友：电影都不敢这么演,越来越圆润,,,,,,,,有网友称，探监时看到旁边有个年轻帅哥特别眼熟，仔细瞧了很久才敢确认，这个帅哥竟然是越来越圆润的吴某凡
P0271,373,别再嘲沈腾老婆胖了，这5位男星都娶了“胖老婆”，却个个很宠妻,结婚生子,退圈做了“家庭主妇,,材也越来越发福,,,,,不过也是在结婚生子之后，王琦退圈做了“家庭主妇”，身材也越来越发福了
P0163,374,亚洲首富之子为结婚，18个月减肥216斤，婚礼还没办，又胖回去了,服用类固醇,再次发胖,,,,,,,健康专家们指出，阿南特患有哮喘和服用类固醇可能是他再次发胖的原因
P1094,375,青少年减重别盲目：“饿瘦”不可取，“养瘦”才科学！,胖乎乎,可爱,健康的“定时炸弹”,,,,,,胖乎乎在小时候可能被叫“可爱”，但长大后，可能变成健康的“定时炸弹”
P0215,376,傳統中醫對腦中風的預防之道,,,,,,,,,"另有一些人,整天伏案用脑、情绪过于紧张、身体肥胖,缺乏运动和休息者,也需特别注意"
P0290,377,华人惊恐发现，来了澳洲以后体重开始超标！全球肥胖榜，澳洲排名靠前，据说与地理位置有关？,超市的各种促销策略,垃圾食品和油炸食品往往有很多折扣,越吃越胖,,,,,,再加上超市的各种促销策略，垃圾食品和油炸食品往往有很多折扣，结果就是，澳洲人越吃越胖
